:1000000008B5406803681B699847003818BF01208D
:1000100008BD10B51446406803685B6898472046E1
:1000200010BD0000014B1870704700BF00000000B9
:1000300070470000004B18470000000000490847C7
:10004000000000000148024B184700BF00000000FC
:100050000000000070B504460D46164600214068B9
:10006000044B9847324629466068034BBDE8704010
:10007000184700BF000000000000000013B5064B49
:100080000C46012201A99847012812BF00209DF8C3
:100090000430237002B010BD0000000010B504460B
:1000A0000821024B9847204610BD00BF0000000009
:1000B000012A10B50C4602D10160002010BD022AB1
:1000C00005D0032AF9D0002AF7D10260F5E70146EE
:1000D000024B0420984723680360EEE7000000000D
:1000E0000368087818470000002810B506D001DA28
:1000F000034B9847034BBDE81040184710BD00BFA5
:100100000000000000000000004B18470000000045
:10011000004B184700000000004B1847000000008B
:100120000A200021004B18470000000010B583682A
:10013000044613B1032201469847204610BD000033
:1001400010B50446034B40F8043B034B9847204648
:1001500010BD00BF080000000000000010B50446FC
:10016000034B984720461421024B9847204610BD68
:100170000000000000000000D0E901239B1A026982
:10018000B2EBA30F84BF00234375407D704710B5C9
:10019000D0E901431B1BB1EBA30F3DBF54F8213045
:1001A0000068D218002038BF801810BD38B5051D72
:1001B000044606492846064B9847002328462360F4
:1001C0000249044B9847204638BD00BFC0070000D5
:1001D00000000000000000002DE9F0410023064669
:1001E0000F46182B06EB030801D1002004E0F55858
:1001F000BD4203D1D8F80400BDE8F0810833002DDA
:10020000EFD1124B4FF48460C8F800709847104B40
:1002100004464FF48062294640F8047B98474FF02B
:10022000FF33C8F80440C4F80834B369C4F8045470
:100230000133C4F80C54C4F81054C4F81454C4F86E
:100240001854C4F81C54B361D4E700BF0000000088
:100250000000000070B5084D296811F0010408D1B4
:10026000064B182218462146054EB04701238461EB
:100270002B60024870BD00BF0000000000000000BD
:100280000000000038B5044600F138054FF0FF3299
:1002900005494FF0FF332846884794F858412846CF
:1002A000024B9847204638BD0000000000000000C7
:1002B000FF2A2DE9F0416FF0FE039046A8BF4FF0F2
:1002C000FF089845B8BF9846002A15460D4CC7B29E
:1002D000CEB206DDFF213846A047C8F1FF01304607
:1002E00006E009D0FF213046A047384608F1FF015B
:1002F0002346BDE8F041184711463846A047294635
:10030000EDE700BF0000000070B50C46054D024649
:1003100003210520A84722462B46BDE8704009214D
:1003200006201847000000000021014B084618472E
:100330000000000010B5FF210A4C0520A047FF2156
:100340000320A047FF210620A047FF210920A04746
:10035000054B4FF47A7000219847BDE81040034BDD
:10036000184700BF0000000000000000000000006F
:10037000002803DC03D06FF0FE007047FF207047B9
:1003800070B50B4A054690470346084690470C4611
:10039000084E01461846B0474FF496600021064BC0
:1003A0009847214628463346BDE87040184700BFAD
:1003B00000000000000000000000000010B504462E
:1003C000006818B1A168024B091A9847204610BD71
:1003D0000000000008B50248024B984708BD00BF66
:1003E000000000000000000008B50248024B9847DA
:1003F00008BD00BF000000000000000010B5D0E9FB
:1004000001431B1BB1EBA30F3DBF036854F8211040
:10041000D218002038BF505C10BD000008B5D0E9EC
:100420000132D31AB1EBA30F14D2104B002298471C
:10043000030611D58F2811D99F2811D9BF2811D9AA
:10044000C02806D0C12804D0C3280DD9E02828BF71
:10045000E02008BDC120FCE70020FAE78020F8E793
:100460009020F6E7A020F4E7C220F2E700000000A9
:1004700008B5024B0169984708BD00BF00000000A5
:1004800073B50569D0E901639B1BB5EBA30F044667
:1004900003D300234375002016E0012343750D4B61
:1004A0009847D22805F1010310D1236156F82500A1
:1004B0002268031D134401A9024413F801099A425A
:1004C00001F8010BF9D1019802B070BD002223613F
:1004D0006275E0E70000000073B50569D0E90163CB
:1004E0009B1BB5EBA30F044604D3002343750020E8
:1004F000002118E0012343750E4B9847D32805F1DE
:10050000010312D16946236156F82500226800F1E3
:1005100008031344024413F801099A4201F8010B3D
:10052000F9D1DDE9000102B070BD002223616275DE
:10053000DDE700BF0000000070B50669D0E90123C7
:100540009B1AB6EBA30F044603D300234375002088
:1005500008E00125064B45759847C0282E4402D176
:100560002846266170BD002326616375EFE700BF52
:100570000000000008B5064B9847902806D02430AC
:10058000C0B201288CBF0020012008BD0120FCE77B
:100590000000000008B5064B9847802806D022309E
:1005A000C0B201288CBF0020012008BD0120FCE75B
:1005B0000000000070B50569D0E901639B1BB5EB35
:1005C000A30F044603D300234375002014E0012346
:1005D00043750C4B9847D12805F101030DD100203C
:1005E000236156F82520236813449A785B7862F3D8
:1005F000070063F30F2000B270BD00222361627513
:10060000E3E700BF0000000073B50569D0E90163AE
:100610009B1BB5EBA30F044604D3002343759FED4A
:10062000100A17E0012343750E4B9847CA2805F1BD
:10063000010311D1236156F825002268031D1344DC
:1006400001A9024413F801099A4201F8010BF9D1FA
:100650009DED010A02B070BD002223616275DEE7E4
:10066000000000000000000073B50569D0E90163D7
:100670009B1BB5EBA30F044604D3002343759FEDEA
:10068000120B18E001234375114B9847CB2805F155
:10069000010312D16946236156F82500226800F152
:1006A00008031344024413F801099A4201F8010BAC
:1006B000F9D19DED000B02B070BD0022236162757F
:1006C000DDE700BFAFF30080000000000000000085
:1006D0000000000038B50569D0E901239B1AB5EB8D
:1006E000A30F044603D30023437500200EE001232B
:1006F0004375094B9847E02805F1010307D12361B1
:10070000002229462046054B984740B238BD0022BA
:1007100023616275E9E700BF0000000000000000EF
:1007200038B50569D0E901239B1AB5EBA30F044640
:1007300003D30023437500200DE001234375084BCC
:1007400098476B1C024638B9236129462046054B61
:10075000984700F07F0038BD002223616275EAE708
:10076000000000000000000070B50569D0E9012319
:100770009B1AB5EBA30F044603D300234375002057
:100780000DE00126084B46759847CC2805EB06037B
:1007900006D12361324629462046044B984770BD56
:1007A000002223616275EAE70000000000000000FB
:1007B00010B5D0E901431B1BB1EBA30F0DD254F8C8
:1007C00021301A4403680020991849789B5C61F332
:1007D000070063F30F2080B210BD0020FCE700008B
:1007E00070B50569D0E901239B1AB5EBA30F044648
:1007F00003D30023437500200DE00126084B467506
:100800009847CD2805EB060306D1236132462946D9
:100810002046044B984770BD002223616275EAE7C9
:10082000000000000000000013B5D0E901431B1BCD
:10083000B1EBA30F10D254F8213001681A44131DF4
:100840000B4401A8114413F8012D8B4200F8012B31
:10085000F9D1019802B010BD0020FBE738B5404B3C
:1008600004460D469847002876D08038602871D815
:10087000DFE800F07270707070707070707070707F
:100880007070707072707070707070707070707066
:10089000707070703F707070707070707070707089
:1008A0007070707070707070707070707070707048
:1008B0007070707072707270484F565D6269353931
:1008C00074313539743135393133373B3D484F5602
:1008D000313531357200032038BD0420FCE7052096
:1008E000FAE70620F8E70920F6E70A20F4E71220E5
:1008F000F2E70022294620461A4B984700F01F00D5
:100900000130E9E7012229462046164B984702307C
:10091000E2E7012229462046134B98470330DBE7E4
:10092000012229462046114B98470530D4E7012281
:10093000294620460B4BF0E70122294620460A4B68
:1009400098470430C8E7012229462046074B9847BC
:100950000630C1E70020BFE70120BDE70220BBE76A
:100960000000000000000000000000000000000087
:1009700070B50569D0E901239B1AB5EBA30F0446B6
:1009800003D300234375002013E00126124B467564
:100990009847DC2805EB06030CD0DD2811D0902801
:1009A00015D123610022294620460C4B984700F0C0
:1009B0000F0070BD3246294620462361084B9847F8
:1009C000F7E72361324629462046064BF7E7002227
:1009D00023616275D7E700BF00000000000000003F
:1009E000000000000000000070B50569D0E9012397
:1009F0009B1AB5EBA30F044603D3002343750020D5
:100A00000DE00126084B46759847CE2805EB0603F6
:100A100006D12361324629462046044B984770BDD3
:100A2000002223616275EAE7000000000000000078
:100A300070B50569D0E901239B1AB5EBA30F0446F5
:100A400003D300234375002013E00126124B4675A3
:100A50009847DE2805EB06030CD0DF2811D080284C
:100A600015D123610022294620460C4B984700F0FF
:100A70000F0070BD3246294620462361084B984737
:100A8000F7E72361324629462046064BF7E7002266
:100A900023616275D7E700BF00000000000000007E
:100AA000000000000000000013B5D0E901431B1B4B
:100AB000B1EBA30F12D254F82130016868461A44F2
:100AC00002F108030B44114413F8012D8B4200F886
:100AD000012BF9D1DDE9000102B010BD0020002199
:100AE000FAE7000070B50569D0E901239B1AB5EB60
:100AF000A30F044604D300234375002001460DE0F4
:100B00000126094B46759847CF2805EB060306D109
:100B10002361324629462046044B984770BD002287
:100B200023616275E9E700BF0000000000000000DB
:100B300010B5D0E901431B1BB1EBA30F2FBF002061
:100B4000036854F82110D21838BF505C40B210BD71
:100B500070B50569D0E901239B1AB5EBA30F0446D4
:100B600003D30023437500200DE00126084B467592
:100B70009847D02805EB060306D123613246294663
:100B80002046044B984770BD002223616275EAE756
:100B9000000000000000000010B5084B0446984714
:100BA000D62808D1064B0122204621699847431CCC
:100BB0005842584110BD0020FCE700BF0000000073
:100BC0000000000010B5084B04469847D72808D10C
:100BD000064B0122204621699847431C5842584140
:100BE00010BD0020FCE700BF000000000000000076
:100BF00038B50C4B04469847C72811D12569022205
:100C000029462046084B9847013009D1074B01225D
:100C1000294620469847A0F10C035842584138BD58
:100C20000020FCE7000000000000000000000000C1
:100C300010B5D0E901431B1BB1EBA30F3DBF036807
:100C400054F82110D218002038BF505C10BD0000AD
:100C500038B5037D04460D461BB1D0E9012393420C
:100C600003D100236375002038BD9B1A0269B2EBE3
:100C7000A30FF6D2044B98472860637D002BF2D077
:100C80002046024B9847EFE70000000000000000FC
:100C900038B5037D04460D461BB1D0E901239342CC
:100CA00003D100236375002038BD9B1A0269B2EBA3
:100CB000A30FF6D2044B98472870637D002BF2D027
:100CC0002046024B9847EFE70000000000000000BC
:100CD00070B5037D04460D461BB1D0E90123934254
:100CE00003D100236375002070BD06699B1AB6EB23
:100CF000A30FF6D2012343750C4B9847C22806F187
:100D000001030FD12361002231462046084B98474A
:100D100000F001002870637D002BE4D02046054BD5
:100D20009847E1E7002023616075F3E700000000C9
:100D300000000000000000002DE9F043037D0446A0
:100D40000E4685B01BB1D0E90123934205D10023A3
:100D50006375002005B0BDE8F08305699B1AB5EB0B
:100D6000A30FF4D20127464B47759847DA28454B25
:100D70006CD00BD8A02824D0D9284DD00022013522
:100D800041496275256101A898472FE0DB28F5D11C
:100D90003D4901A898473A46204621693B4B984770
:100DA00000250746DFF8FC80DFF8FC90AF422169A0
:100DB0001AD06A1D2046C047014601A8C847013520
:100DC000F4E7314901A89847002220462169304BB9
:100DD00098470025DFF8CC80DFF8CC9000F01F07A3
:100DE000EBB2BB4221690FD301312161294B01A92B
:100DF00030469847284B01A89847637D002BA8D020
:100E00002046264B9847A5E701352A462046C0478D
:100E1000014601A8C847E3E71B4901A898473A469D
:100E2000204621691A4B984700250746DFF8748051
:100E3000DFF87490EBB2BB422169D5D2AA1C2046E0
:100E4000C047014601A8C8470135F3E70E4901A88C
:100E500098473A4620462169114B98470025074696
:100E6000DFF84080DFF84090ABB29F422169BBD9E8
:100E7000EA1C2046C047014601A8C8470135F3E7F0
:100E80000000000000000000C0070000000000009B
:100E90000000000000000000000000000000000052
:100EA0000000000000000000000000002DE9F041FB
:100EB000037D04460E461BB1D0E90123934204D1C1
:100EC000002363750020BDE8F08107699B1AB7EB2A
:100ED000A30FF5D2012343751F4B984707F1010873
:100EE00090B11E4B022239462046C4F81080984724
:100EF00000231D46C6E90003B560637D002BE1D0E9
:100F00002046174B9847DEE72046164B984750B1CE
:100F1000154B022239462046C4F8108098478D08A8
:100F200001F00303E6E72046104B9847054670B1F1
:100F300003223946094B204698470B4B05460722AA
:100F400039462046C4F8108098470B46D2E703463E
:100F50006075C4F81080CDE70000000000000000BC
:100F60000000000000000000000000000000000081
:100F700010B50446006818B1A168024B091A9847D9
:100F8000204610BD0000000010B50446064B00F5D9
:100F900096709847054B04F58C709847044B04F500
:100FA00086709847204610BD000000000000000039
:100FB000000000002DE9F8436FF06043D0E90084A1
:100FC000A4EB0804B3EBA40F074689464FEAA4023A
:100FD00002D11848184B9847012A114638BF012101
:100FE000521802D2934228BF13469E003046134B3C
:100FF0009847134B0119054604209847D9F800304B
:10100000002C036004DD2246414628460D4B9847DC
:1010100004342C44B8F1000F05D0B96840460A4B9F
:10102000A1EB08019847C7E900543544BD60BDE80D
:10103000F88300BF4208000000000000000000002C
:101040000000000000000000000000002DE9F74350
:10105000044616460025184FDFF86080DFF86090E0
:1010600001600195AE42A1680FD8636851F8045C35
:10107000C91A891020460139B8472844831B5842B1
:101080005841207503B0BDE8F083E36899420ED063
:101090000420C8470560A3680433A360D4E9013184
:1010A000C91A891020460139B8470544D9E701A972
:1010B000201DC047F2E700BF000000000000000054
:1010C000000000002DE9F041044600F130070E4613
:1010D00015464FF0FF334FF0FF3238460649884738
:1010E00020462946054B40F8046B98473846BDE832
:1010F000F041034B184700BF000000000000000053
:10110000000000002DE9FF410446884600251746EF
:101110001E46134B98474146C4E90455114B04F150
:10112000180098470A9B1422E36204F13003294611
:101130001846C4E909760C4DA8470C4B98470C4952
:101140000C4B01A89847FF21204601AA0A4B98475B
:101150000A4B01A89847204604B0BDE8F08100BFC3
:10116000000000000000000000000000000000007F
:1011700069070000000000000000000000000000FF
:101180001FB504460749084B01A89847FF21204690
:1011900001AA064B9847064B01A89847002004B0C7
:1011A00010BD00BF48070000000000000000000064
:1011B0000000000038B5044600F130054FF0FF3262
:1011C00007494FF0FF332846884724682846002CFB
:1011D000D4BF00240124034B9847204638BD00BFEC
:1011E0000000000000000000034610B5D3E9003401
:1011F000E41A6FF0004310461A1B8A4201D2074BD3
:101200009847A14238BF2146091904D2994228BF04
:101210001946084610BD1846FCE700BF0000000054
:101220002DE9F047D0E901439C4205468946DFF8A5
:1012300078A00AD021460120D04799F800300370E9
:101240006B6801336B60BDE8F0870121114A124BD6
:101250009847124B2F6880469847E41B01190646B1
:101260000120D04799F80030002C037004DD22469D
:10127000394630460A4B98470134344427B1A968AF
:101280003846084BC91B9847C5E900644644AE6020
:10129000D9E700BF42080000000000000000000085
:1012A00000000000000000000000000007B5044B33
:1012B0008DF807100DF10701984703B05DF804FBA6
:1012C0000000000010B50446034BC0219847E368B6
:1012D0000133E36010BD00BF000000002DE9F047BE
:1012E000D0E901439C4205468946DFF878A00AD040
:1012F00021460120D04799F8003003706B68013314
:101300006B60BDE8F0870121114A124B9847124BE0
:101310002F6880469847E41B011906460120D047F4
:1013200099F80030002C037004DD2246394630461F
:101330000A4B98470134344427B1A9683846084B12
:10134000C91B9847C5E900644644AE60D9E700BFB1
:101350004208000000000000000000000000000043
:10136000000000000000000037B504460D46074BA2
:10137000CC2198472046064B0DF107018DF8075008
:101380009847E3680133E36003B030BD000000001C
:10139000000000002DE9F047D0E901439C420546DA
:1013A0008946DFF878A00AD021460120D04799F875
:1013B000003003706B6801336B60BDE8F08701217A
:1013C000114A124B9847124B2F6880469847E41BEE
:1013D000011906460120D04799F80030002C03700F
:1013E00004DD2246394630460A4B984701343444DE
:1013F00027B1A9683846084BC91B9847C5E900645E
:101400004644AE60D9E700BF42080000000000007B
:1014100000000000000000000000000000000000CC
:10142000F8B505460E460324034F31192846B84740
:10143000013CFAD2F8BD00BF0000000013B504461D
:101440000191064BCE2198472046054B01A99847AC
:10145000E3680133E36002B010BD00BF000000008C
:101460000000000070B505460C46044E0131B0473F
:10147000214628463346BDE870401847000000006A
:101480000F2913B504460BD861F06F018DF80410D5
:101490000D4B01A99847E3680133E36002B010BD2A
:1014A000B1F5803F094B08D2ADF80410DC21984714
:1014B0002046074B01A99847EDE70191DD219847A8
:1014C0002046044B01A9F6E70000000000000000E0
:1014D000000000000000000013B50446ADF806103F
:1014E000064BCD2198472046054B0DF10601984744
:1014F000E3680133E36002B010BD00BF00000000EC
:10150000000000007E2913B504460AD80D4B8DF863
:1015100007100DF107019847E3680133E36002B05B
:1015200010BDFF2903D8084BC9B29847F7E7B1F5BA
:10153000803F03D2054B89B29847F0E7044B9847A8
:10154000EDE700BF00000000000000000000000008
:1015500000000000F7B50C1E054623DBE3177F2CC7
:1015600073F1000208D28DF8044001A9244B98477A
:10157000EB680133EB6007E0B4F5807F73F10002A4
:1015800004D2204BE1B2984703B0F0BDB4F5803FE0
:1015900073F1000303D21C4BA1B29847F4E71B4B35
:1015A0009847F1E714F11E0F01AE03DB31468DF8C9
:1015B0000440DBE714F1800F154B06DBD021984780
:1015C000314628468DF80440D0E714F5004F114FFE
:1015D0000BDBD121ADF80440984728460DF10501F9
:1015E000B84731462846B847C2E70194D221984708
:1015F000032431192846B847013CFAD2B8E700BFA6
:1016000000000000000000000000000000000000DA
:1016100000000000000000002DE9F84F04460F46CE
:10162000DFF890A001EB020BBB4501D1BDE8F88FBC
:10163000D4E901539D4209D029460120D0473B7887
:1016400003706368013363600137EDE70121144AD9
:10165000144B20469847144BD4F800808146984795
:10166000A5EB0805411906460120D0473B78002D1F
:10167000037004DD2A46414630460C4B984701353D
:101680003544B8F1000F05D0A1684046084BA1EBE6
:1016900008019847C4E900654E44A660D4E700BF3E
:1016A00042080000000000000000000000000000F0
:1016B0000000000000000000F7B58D6804461F2DF3
:1016C0000F68174E0FD865F05F038DF8043001A93D
:1016D000144B98472A4639462046B047E368013301
:1016E000E36003B0F0BDFF2D0F4B06D8D92198471A
:1016F00020468DF8045001A9EAE7B5F5803F08D2ED
:10170000DA2198472046094BADF8045001A99847C3
:10171000E0E7DB2198472046054B019501A9F6E754
:1017200000000000000000000000000000000000B9
:101730000000000038B50C4605460221074B9847CB
:1017400054F8041B2846064B984728462146054B6B
:1017500098472846044B984738BD00BF000000005A
:10176000000000000000000000000000F0B5364B53
:1017700006468DB008460D4614469847B0B9334921
:10178000334B05A89847FD2305A9089309A8314BB9
:101790009847314D05A8A8472046304B08A99847DF
:1017A00009A8A847002528460DB0F0BD00272C4BFE
:1017B000284601A901979847019B0BB92949DFE702
:1017C000012B01D02849DBE72846284B8DF81470FF
:1017D00005A99847054640B19DF814308DF8203092
:1017E000F368002B25D1224B98472249184B02A8B9
:1017F00098470A222946204B08A898471F4B08A95A
:1018000002A89847144D08A8A8471D4B02A905A88F
:101810009847FD2305A9089309A80E4B984705A8EA
:10182000A84720460D4B08A9984709A8A84702A831
:10183000B7E7336908A9301D9847124E2046B047D4
:101840002046B047AFE700BF000000001F050000C2
:101850000000000000000000000000000000000088
:10186000000000003F0500008E05000000000000A1
:1018700000000000A20500000000000000000000C1
:10188000000000000000000038B50569D0E9012320
:101890009B1AB5EBA30F044603D300234375002026
:1018A0001CE001234375214B984728B300F1340312
:1018B000DBB2142B35D8CC38142832D8DFE800F04E
:1018C0001F22252B0F1215183131313131313131B1
:1018D000313131310B002046154B984738BD204639
:1018E000144BFAE72046144BF7E72046134BF4E776
:1018F0002046134B9847F1E72046124BEDE7204670
:10190000114BEAE72046114BE7E72046104B98477A
:1019100020EAE070E2E720460E4B98470029DDDA26
:10192000BDE70023013563752561B8E700000000BD
:1019300000000000000000000000000000000000A7
:101940000000000000000000000000000000000097
:10195000000000000000000038B5037D04460D467D
:101960001BB1D0E90123934203D10023637500200A
:1019700038BD9B1A0269B2EBA30FF6D2044B98470D
:101980002860637D002BF2D02046024B9847EFE79A
:10199000000000000000000038B50569D0E901230F
:1019A0009B1AB5EBA30F044604D3002343759FEDA8
:1019B0002F0A21E0012343752D4B9847A8B100F170
:1019C0003603DBB2162B4BD8CA38162848D8DFE8C6
:1019D00000F03B3F14171A1D2D3033364747474759
:1019E000474747474747474725002046214B9847E9
:1019F00000EE100AB8EE400A38BD20461E4BF6E74E
:101A000020461E4BF3E720461D4BF0E71D4B2046BA
:101A100098471D4B984700EE100AEDE720461B4BF8
:101A2000984700EE100AB8EEC00AE5E72046184BCA
:101A3000F6E72046174BF3E72046174BF0E7174B26
:101A400020469847164BE5E72046164B9847D3E7C4
:101A50002046154B9847154B51EC100B9847DAE789
:101A60000023013563752561A1E700BF0000000078
:101A70000000000000000000000000000000000066
:101A80000000000000000000000000000000000056
:101A90000000000000000000000000000000000046
:101AA0000000000000000000000000000000000036
:101AB00038B50569D0E901239B1AB5EBA30F04469D
:101AC00004D3002343759FED2C0B21E001234375C4
:101AD0002B4B9847A8B100F13603DBB2162B46D842
:101AE000CA38162843D8DFE800F0363E14171A1D0E
:101AF000282B2E314242424242424242424242421C
:101B0000230020461F4B98471F4B984741EC100B72
:101B100038BD20461D4BF6E720461D4BF3E7204617
:101B20001C4BF0E71C4B204698471C4B9847EDE7B1
:101B300020461B4B98471B4BE7E720461A4BF9E71B
:101B400020461A4BF6E72046194BF3E7194B20467F
:101B50009847194BEAE72046184B9847184B10EE68
:101B6000100A9847D2E72046164B9847D0E7002343
:101B7000013563752561A6E7000000000000000044
:101B80000000000000000000000000000000000055
:101B90000000000000000000000000000000000045
:101BA0000000000000000000000000000000000035
:101BB0000000000000000000000000000000000025
:101BC000000000000000000070B5037D04460E46D2
:101BD00015461BB1D0E90123934203D1002363755D
:101BE000002070BD9B1A0269B2EBA30FF6D2054B21
:101BF00098473060637D002BF2D029462046024B87
:101C00009847EEE70000000000000000F8B5064627
:101C10000F4615460024AC4201D32046F8BD30687B
:101C20002A1B036839199B6898470444F3E70000AE
:101C30002DE9F04300240E46054685B0D0F81884FF
:101C400004216846DFF870901746CDE90244CDE9DB
:101C50000044C84721466846124B984741466846AB
:101C6000114B98473146114B6846984721466846C4
:101C7000C847DDE90016761A0D4B324628469847CC
:101C8000864204BF0124D5F81834684604BF0133E6
:101C9000C5F81834074B98470CB1C7F8008005B059
:101CA000BDE8F0830000000000000000000000001C
:101CB0000000000000000000000000002DE9FF47C8
:101CC000002489461E460546D0F81884042168463B
:101CD000DFF874A01746CDE90244CDE90044D047AF
:101CE00021466846144B9847144B4146684698472E
:101CF00049466846DFF85490C84701216846D047F6
:101D000031466846C847DDE90016761A0C4B324664
:101D100028469847864204BF0124D5F818346846FF
:101D200004BF0133C5F81834064B98470CB1C7F807
:101D3000008004B0BDE8F087000000000000000053
:101D40000000000000000000000000000000000093
:101D5000F0B58FB00022354B07A9354898479DF85C
:101D600034306846042B3349334B0CBF4FF0FF35FA
:101D7000BDF824509847314E314C6422002331483D
:101D8000B04700283FD12F4B032153F8243CCDE925
:101D90000500CDE903002C4F03A81E682B4CB84763
:101DA000022103A8A0472A4B694603A898470121AE
:101DB00003A8B847294603A8A047DDE90314641A1D
:101DC0002246244B30469847844208BFD6F8183440
:101DD00003A804BF0133C6F818341F4B98471948AD
:101DE0001E4B98471E4C1F4B68469847C72D2378BB
:101DF0000BD91D4A127842B99BB964211B4B084686
:101E00009847012305E0A047B7E71BB1184B984757
:101E1000002323704FF4FA700021164B98470FB03F
:101E2000F0BD6421144B08469847F3E7000000001A
:101E3000000000009F0900000000000000000000FA
:101E4000000000002400000000000000000000006E
:101E50000000000000000000000000000000000082
:101E60000000000000000000000000000000000072
:101E70000000000000000000000000002DE9F04319
:101E800004460D461646DFF89490DFF8948085B03E
:101E900000F12407642200233846C847002831D1C6
:101EA0002368CDE90200CDE90000DFF878906846AC
:101EB0000321D3F80080144CC84768460221A0478C
:101EC000124B29466846984768460121C84768462C
:101ED0003168A047DDE90014641A0D4B22464046E4
:101EE0009847844208BFD8F81834684604BF0133C5
:101EF000C8F81834074B98473846074B05B0BDE87B
:101F0000F0431847C047C5E700000000000000008C
:101F100000000000000000000000000000000000C1
:101F2000000000000000000008B5D1F804315A1C80
:101F300008D0D1E946128A4204D0022B02D0024BCB
:101F4000521A984708BD00BF000000002DE9F0417B
:101F5000044600F130070E4615464FF0FF334FF0B0
:101F6000FF3238460649884720462946054B40F847
:101F7000046B98473846BDE8F041034B184700BF53
:101F800000000000000000000000000038B504461A
:101F900000F130054FF0FF3207494FF0FF3328467C
:101FA000884724682846002CD4BF00240124034B12
:101FB0009847204638BD00BF000000000000000028
:101FC000034670B508465418D3F804148C421DD843
:101FD000B8B16FF003060432091A1A44F61AB5189C
:101FE000A9420FD8D3F81024C3F8041494428DBF2B
:101FF0000022121AC3F81024C3F8102488BFC3F8B3
:10200000142470BD155C02F8015BE8E70020F8E7D6
:1020100010B5094B0022D0F80C14044698474FF035
:10202000FF33C4F808340023C4F80C34D4F81C344B
:102030000133C4F81C3410BD000000002DE9F0414C
:10204000037D04460D4616461BB1D0E90123934299
:1020500003D10023637500202AE09B1A02694FEA2E
:10206000A308B2EBA30FF4D2124A134F136813F074
:10207000010302BF3B6001231360104B9847637D4F
:102080003860002BE7D023699845E2D90C4B2046F5
:1020900098472860637D002BDDD00A4B2046291D20
:1020A0009847637D002BD6D031462046064B984793
:1020B000BDE8F0810000000000000000000000000A
:1020C00000000000000000000000000038B50569B5
:1020D000D0E901239B1AB5EBA30F044603D30023D9
:1020E0004375002013E001234375124B984758B104
:1020F00000F13403DBB2032B17D8CD38022807D800
:10210000DFE800F0090C0F0020460B4B984738BD64
:1021100020460A4BFAE72046094BF7E72046094BD1
:10212000F4E72046084B9847F1E700230135637533
:102130002561D6E70000000000000000000000005C
:1021400000000000000000000000000070B5037DEA
:1021500004460E4615461BB1D0E90123934203D134
:1021600000236375002070BD9B1A0269B2EBA30FB8
:10217000F6D2054B98473060637D002BF2D029469C
:102180002046024B9847EEE70000000000000000E8
:10219000F0B5D1F80C240546032A0E46284F8DB021
:1021A00005D828462749B84728460DB0F0BDD1F8D4
:1021B000084434F00204F4D1234B043106A8CDE9DD
:1021C0000644CDE908440A94ADF82C40984748B934
:1021D00030461E4B984728461A49B8471C4B07A85B
:1021E0009847E1E7174903A8B8476A46194B01A980
:1021F00006A80194984748B93046144B984728469A
:102200001049B847144B03A89847E7E7DDE90023D6
:102210006AB9042BF0D1114B03AA02A906A898476A
:102220000028E9D028460E4B03A99847EAE7022A7E
:10223000E2D1032BE0D10B4B03A906A89847EFE7A7
:1022400000000000C00700000000000000000000C7
:10225000000000000000000000000000000000007E
:102260000000000000000000F0B5D0F80021044696
:1022700087B01AB90025284607B0F0BD0025D0E97F
:102280004B3100F594768B4218BFC0F830310146CF
:10229000C0F83851A0F83C51C0F828511A4B3046CC
:1022A00098470028E6D01949194B03A898476A4671
:1022B0003046184B02A902959847054620B90025DB
:1022C000154B03A89847D6E7009F029B9FB9042BA4
:1022D000F5D13046114B03AA01A998470028EED04A
:1022E0000F4B03A904F586709847019BC4F804714D
:1022F000C4F80831E4E7022FE1D1032BDFD13046E7
:10230000084B03A99847E9E700000000C007000058
:1023100000000000000000000000000000000000BD
:1023200000000000000000002DE9F0473B4B07468D
:1023300088B008460C46984704F5867808BB4FF0ED
:10234000FF333749C4E94130C4F80001354B4046FA
:102350009847D4E94B32934218BFC4F83031002378
:10236000D4E946218A42C4F83831A4F83C31C4F893
:10237000283118BFC4F81C21C4F8243108B0BDE8C6
:10238000F087D4E94632934218BFC4F81C310023C9
:10239000C4F82431D4F8043104F58C7663B90421EF
:1023A0003046214B984701213046204B9847304614
:1023B000D4F808111E4B98470025DFF888A007F1D4
:1023C0000409D7F8F43A41469D4212D3194B01A8AB
:1023D0009847FE2301A9049305A8174B9847304658
:1023E000164B04A99847164C05A8A04701A8A0477A
:1023F000C4E74846D04709F11C0960B11C233246A6
:1024000003FB0575E86904F5947103689B6808B0DF
:10241000BDE8F04718470135D3E700BF00000000D2
:10242000C0070000000000000000000000000000E5
:10243000000000000000000000000000000000009C
:1024400000000000000000002DE9F0411E46037D61
:102450000446884617461BB1D0E901359D4204D198
:10246000002363750020BDE8F081ED1A0369B3EB2A
:10247000A50FF5D2184B9847C8F80000637D002BD4
:10248000F0D0237D002BEBD0D4E901318B42E7D093
:10249000C91A2369B3EBA10FE2D2104B204698472B
:1024A0003860637D002BDDD0237D002BD8D0D4E9AC
:1024B00001329342D4D0D21A2369B3EBA20FCFD208
:1024C000074B204698473060637D002BCAD02046DA
:1024D000044B9847C7E700BF000000000000000061
:1024E00000000000000000002DE9F0439146D0F804
:1024F0001424044688461D4600278BB0002A00F0AD
:102500009480D0F81034011D194404A8484BCDE93B
:102510000477CDE906770897ADF82470984738B965
:102520000026444B05A8984730460BB0BDE8F08321
:10253000414E03AB02AA01A904A80197B047064681
:102540000028EDD0039B4345EAD1029BDFF81081C0
:10255000012B1BD02846FC23384940F8043B384B5C
:1025600098472046D4F81024D4F81414C047D4F85F
:1025700010342BB94FF0FF32C4F80C34C4F80824DF
:10258000D4F81C340133C4F81C34CAE7019B042B73
:1025900005D02846FC232B4940F8043BDFE72A4BB3
:1025A00004A88DF800709847C02831D19DF82430D8
:1025B0001BB1DDE905239A4208D100238DF82530AF
:1025C0002846FC23214940F8043BC8E79B1A089A97
:1025D000B2EBA30FF1D21E4B04A898479DF825300B
:1025E0008DF80000002BEBD049461A4B04A8984701
:1025F0000028E5D0D4F810242AB94FF0FF33C4F8EE
:102600000C24C4F808342046D4F81414C04788E7D2
:102610006A462946104B04A898470028EAD1284664
:10262000FC230E4940F8043B99E716467CE700BFBF
:102630000000000000000000000000005C0200003C
:10264000000000007502000000000000920200007F
:10265000000000000000000000000000B3020000C5
:10266000000000002DE9F0439146D0F81424044600
:1026700088461D4600278BB0002A00F09480D0F8D1
:102680001034011D194404A8484BCDE90477CDE965
:1026900006770897ADF82470984738B90026444B60
:1026A00005A8984730460BB0BDE8F083414E03AB18
:1026B00002AA01A904A80197B04706460028EDD058
:1026C000039B4345EAD1029BDFF81081012B1BD00D
:1026D0002846FC23384940F8043B384B98472046AD
:1026E000D4F81024D4F81414C047D4F810342BB9FB
:1026F0004FF0FF32C4F80C34C4F80824D4F81C346A
:102700000133C4F81C34CAE7019B042B05D02846CA
:10271000FC232B4940F8043BDFE72A4B04A88DF843
:1027200000709847C02831D19DF824301BB1DDE9F5
:1027300005239A4208D100238DF825302846FC2332
:10274000214940F8043BC8E79B1A089AB2EBA30F53
:10275000F1D21E4B04A898479DF825308DF8000053
:10276000002BEBD049461A4B04A898470028E5D027
:10277000D4F810242AB94FF0FF33C4F80C24C4F85D
:1027800008342046D4F81414C04788E76A4629461E
:10279000104B04A898470028EAD12846FC230E498C
:1027A00040F8043B99E716467CE700BF00000000B4
:1027B00000000000000000005C02000000000000BB
:1027C00075020000000000009202000000000000FE
:1027D0000000000000000000B30200000000000044
:1027E00038B50C1A012C134607DD0146224618465F
:1027F000044DA8470346181938BD04BF02781A7063
:10280000F9E700BF0000000038B50C1A012C134690
:1028100007DD014622461846044DA847034618190D
:1028200038BD04BF02781A70F9E700BF000000004D
:102830002DE9F04F1D46002305F1010A9A4585B0A8
:10284000044689461746C0E90033836002DA3648F9
:10285000364B98471AD05046354B9847D4E90082FA
:10286000A2EB0802002A064609DD4146314B984793
:10287000A1684046304BA1EB0801984702E0B8F14F
:10288000000FF5D1C4E900665644A6602B4B2046E4
:102890000DF10F018DF80F9098477B19BB4216D0B0
:1028A000D4E90162921B9542DFF89CB0DFF89CA04E
:1028B00011D8194632463846D847626831462A440C
:1028C00062603046D047324639463846D8472046BF
:1028D00005B0BDE8F08F2946194A1A4D20460193EC
:1028E000A847134AD4F800808146904731460246F3
:1028F00005464046D047019B024619463846D84710
:10290000314602463046D0470646B8F1000F05D0A2
:10291000A1684046084BA1EB08019847C4E900565E
:102920004D44A560D3E700BF9807000000000000F9
:102930000000000000000000000000000000000097
:10294000A8070000000000000000000000000000D8
:102950002DE9F8430D69D1E901239B1AB5EBA30FCB
:1029600006460C4605D300234B75C6E90033B36019
:1029700026E0012308464B754C4B9847C7386F1C1F
:10298000112800F28F80DFE800F05A6F7E8D8D8D68
:102990008D8D8D8D8D8D8D091E2D3C4B01222946EF
:1029A000434B204698470222424B80462946204608
:1029B0002761984701230246414630463E4CA047D6
:1029C0003046BDE8F88301222946394B2046984716
:1029D0000222384B80462946204627619847022329
:1029E0000246E9E701222946314B20469847022258
:1029F000304B8046294620462761984704230246EB
:102A0000DAE7012229462A4B204698470222294B21
:102A10008046294620462761984708230246CBE78F
:102A200001222946224B204698470222214B80460C
:102A3000294620462761984710230246BCE7012219
:102A400029461E4B204698470222814629462046A9
:102A5000174B9847032280462761164B294620468C
:102A600098474B460246A7E701222946144B2046C9
:102A7000984703228146294620460D4B9847042259
:102A800080462761E9E7012229460E4B20469847F8
:102A90000522814629462046054B98470622804656
:102AA0002761DAE70023276163755EE70000000015
:102AB0000000000000000000000000000000000016
:102AC00000000000000000002DE9F04FA24F8BB085
:102AD0000446B847C028064604D120469F49A04B6B
:102AE00098472EE0C22803D120469E499E4BF7E727
:102AF00030B100F13403DBB2072B01D9E02803D158
:102B000020469A499A4BEBE7CA281CD1237D1BB17A
:102B1000D4E901239A4203D10023637500250DE116
:102B20009B1A2269B2EBA30FF6D2924B204698472C
:102B3000914B83ED000A637D002BEFD020468F4B35
:102B400098470546FAE0CB2812D1237D002BE3D02D
:102B5000D4E901239A42DFD09B1A2269B2EBA30F7A
:102B6000DAD2874B20469847864B83ED000BE2E78D
:102B7000A02804D000F12703DBB2022B10D8824D2D
:102B80002B68DB0708D4814B814982489847012391
:102B900081482B60814B984720467E49804B9FE7B8
:102BA00000F13C03DBB2022B00F2B0807D490B68E0
:102BB00013F0010308D17C4A7C48C2E900339360DA
:102BC00001230B60754B9847237D002BA4D0D4E9DB
:102BD00001239A42A0D025699B1AB5EBA30F9BD283
:102BE000012620466675B847C5283FD0C62863D061
:102BF000C42840F08480324629462046DFF8C4913C
:102C00004FF00008C8474546834646464746DFF82A
:102C1000B8A15FFA88F39B45216915D80131624B51
:102C200021619A68D3E900019D60CDE90701604DFB
:102C3000099207A8C3E90076A8470023CDE901332C
:102C4000039301A8A84776E708F102022046C84787
:102C500007A98DF81C0001A8CDE90176039508F1BC
:102C60000108D047DDE90176039DD2E732462946C7
:102C70002046504B4FF0000898474546814646464F
:102C80004746DFF840B1DFF840A11FFA88F39945C5
:102C90002169C3D908F103022046D84707A98DF856
:102CA0001C0001A8CDE90176039508F10108D04781
:102CB000DDE90176039DE8E73246294620463E4B92
:102CC000002598472E4681462F46A846DFF8F4B0E7
:102CD000DFF8F4A0C1452169A0D008F10502204623
:102CE000D84707A98DF81C0001A8CDE90176039506
:102CF00008F10108D047DDE90176039DEAE70023EA
:102D0000691C1E461D461F46637588E720462B4BEF
:102D10009847074600285DD000252E462046284BC0
:102D2000079507A99847DFF8A480DDF81C90DFF825
:102D3000A0A04E45C8F8005004D13D4628460BB02F
:102D4000BDE8F08F2046D04705460028F6D0D8F8D9
:102D5000003001365D1CECE70000000000000000C0
:102D60000000000000000000000000000000000063
:102D70000000000000000000000000000000000053
:102D80000000000000000000000000000000000043
:102D9000C00700000000000000000000000000006C
:102DA0000000000000000000000000000000000023
:102DB0000000000000000000000000000000000013
:102DC0000000000000000000000000000000000003
:102DD000000000002046434B9847054680B3237D02
:102DE0001BB1D4E901239A421AD10026667500234B
:102DF0001F46DFF82881DFF82891B742C8F8003075
:102E00009CD02046C84700283FF488AE2046C847DB
:102E100000283FF483AED8F8003001370133ECE7E7
:102E20009B1A2269B2EBA30FDFD22F4B20469847A3
:102E3000637D0646002BDAD020462C4B9847D6E718
:102E400006F12C03DBB2042B15D93936F6B2022E6B
:102E500011D92046264B984748B92046254B98471C
:102E600028B92046244B984700283FF457AE204607
:102E70002249234B34E623490B6813F0010308D1A0
:102E8000214A2248C2E90033936001230B60204BA2
:102E90009847237D002B3FF43FAED4E901239A42AB
:102EA0003FF43AAE9B1A2269B2EBA30FBFF434AEE3
:102EB0002146184B04A89847134B049DD3E9000101
:102EC0001D60059D9A685D60069DCDE907019D60C6
:102ED0000992114D07A8A847002304A8CDE904339F
:102EE0000693AFE6000000000000000000000000B4
:102EF00000000000000000000000000000000000D2
:102F000000000000000000000000000000000000C1
:102F100000000000000000000000000000000000B1
:102F2000000000002DE9F04FD0F80C340446032BCC
:102F300089B037D9D0F81434002B59D1D0F8107497
:102F400000264FF0FF33CDE90266CDE90466DFF8D5
:102F50000491DFF804A100930696ADF81C60D4F844
:102F60000424BB19934240D2DDE90332002506F167
:102F70000108211D93423944424602A818BF049318
:102F80000695ADF81C500295C84748B12D4B02A8D4
:102F9000984748B93A46012120462B4B9847B046FE
:102FA0004646DCE70027CBE7284B01A902A801959C
:102FB00098470028F4D06FF00103019EDFF89CB021
:102FC0000093B54217D1009B012B21D0022B31D0A9
:102FD0000BB9042D30D01C4B3A4641462046984749
:102FE000D4F81C340133C4F81C34194B03A8984797
:102FF00009B0BDE8F08F2DB102A8D8470028CFD086
:103000000135DEE7694602A8D0470028F4D0F7E78B
:10301000042D14BF00250125002DDCD01FB9C4F8F4
:103020000834C4F80C84012B08D1C4F81074C4F817
:103030001484DAE7032DECE7002FF0D04744C4F8FE
:103040001074D2E700000000000000000000000043
:103050000000000000000000000000000000000070
:1030600038B50446006803685B69984790B1D4F8A6
:103070000434B3F5806F0DD0214651F8040B02687B
:103080001944D568C3F58062A847D4F804340344D2
:10309000C4F804342046014B984738BD00000000B6
:1030A0002DE9F043064685B000682A4B0D46904650
:1030B0009847316801A8284B9847284C284901A80F
:1030C000A04738B10024274B01A89847204605B0F7
:1030D000BDE8F08340462249A047044698B9DFF88E
:1030E0008C90371DD6F8F43A9C42EBD2384601A9B1
:1030F000C84710B901341C37F4E7414607F10C000A
:10310000C8470028F6D03068D0F8083433F00203FE
:103110001CD1D0F80C140A1FFC2A19D82B46C21C4B
:103120004C1912F8016F03F8016BA342F9D14FF06B
:10313000FF330022C0F80834C0F80C240A4B98472B
:10314000041E18BF0124C5F80001BCE70020F7E702
:103150001846F5E700000000000000000000000035
:10316000C007000000000000000000000000000098
:103170002DE9F04300F1100706466422002338468B
:10318000DFF8D490D5B0C8470546002835D104AC47
:103190004FF480720146264B204698474FF0FF338C
:1031A000DFF8B880234947A8C4E94135C4F8005185
:1031B000C047C4E94655C4E94855C4E94A55C4E97D
:1031C0004C55C4F83851A4F83C5175681A4901A807
:1031D000C04721462846194B01AA98478046184BFC
:1031E00001A89847174D3846B8F1000F08D1A847F5
:1031F000154B98472046154B984755B0BDE8F083CE
:10320000A84721467068124B9847DFF8548006F1B2
:103210002407642200233846C84738B9736821461A
:1032200018680C4B98473846A847E3E7C047F0E7D3
:1032300000000000C0070000D702000000000000EE
:10324000000000000000000000000000000000007E
:10325000000000000000000000000000000000006E
:103260000000000008B5054B98470548054B9847F6
:1032700010B10348044B984708BD00BF0000000090
:103280000000000000000000000000002DE9F043F5
:1032900000F110070646642200233846DFF8D0907C
:1032A000D5B0C8470546002835D104AC4FF480722C
:1032B0000146264B204698474FF0FF33DFF8B48095
:1032C000234947A8C4E94135C4F80051C047C4E9BF
:1032D0004655C4E94855C4E94A55C4E94C55C4F8B3
:1032E0003851A4F83C517568194901A8C0472146D6
:1032F0002846184B01AA98478046174B01A89847C3
:10330000164D3846B8F1000F08D1A847144B98471E
:103310002046144B984755B0BDE8F083A847214696
:103320007068114B9847DFF8508006F1240764223B
:1033300000233846C84738B97368214618680B4BD4
:1033400098473846A847E3E7C047F0E70000000089
:10335000C0070000000000000000000000000000A6
:10336000000000000000000000000000000000005D
:1033700000000000000000000000000008B5054C3F
:10338000054D0648A04708B10448A847044B984794
:10339000F7E700BF00000000000000000000000090
:1033A00000000000F8B50E46044617461D460068AA
:1033B000094B984731462B46084E3A462068B0479D
:1033C000064638B1294651F8043B44F8043F201D15
:1033D000034B98473046F8BD000000000000000095
:1033E000000000002DE9F04F012204460E4689B08E
:1033F00000F11403D3E8EF1F002903D1C3E8E52F40
:10340000002DF7D10CBF1546002540D1DFF8C48050
:10341000274D64220023E06AC04700283DD1636A3B
:1034200004F11002186804F11801224B9847224D4C
:10343000E06AA847DFF87890DFF89CA0DFF89CB03E
:1034400064220023A06AC04700282ED104A8D047D8
:1034500004AB32462169606AD8470346174FA06A19
:10346000EBB1A847049D164B05A901A8984729462A
:10347000144B01AA2046984701A8B84705A8B847A9
:103480002046114B984780F00100C0B202E00F4B7C
:103490009847284609B0BDE8F08FA847B9E7A84784
:1034A0000B4B984705A8B847CAE7C847C8E700BF0D
:1034B000000000000000000000000000000000000C
:1034C00000000000000000000000000000000000FC
:1034D00000000000000000000000000000000000EC
:1034E000F8B50E46044617461D460068094B984736
:1034F00031462B46084E3A462068B047064638B15A
:10350000294651F8043B44F8043F201D034B9847DB
:103510003046F8BD00000000000000000000000080
:1035200000232DE9F0470122044688B08DF80030D1
:1035300000F11403D3E8EF1F002903D1C3E8E52FFE
:10354000002DF7D13CD1294F294D64220023E06A98
:10355000B847002840D1636A04F11002186804F1EA
:103560001801244B9847244DE06AA847DFF8808073
:10357000DFF8A090DFF8A0A064220023A06AB8477B
:10358000002831D104A8C84704AB6A462169606AA3
:10359000D0470346194EA06A03B3A847049D05A966
:1035A000174B01A898472946164B01AA2046984771
:1035B00001A8B04705A8B0472046134B984701E043
:1035C000124B98470D4D04F11800A847201DA8473D
:1035D000204608B0BDE8F087A847B6E7A8470C4BDF
:1035E000984705A8B047C7E7C047C5E700000000F7
:1035F00000000000000000000000000000000000CB
:1036000000000000000000000000000000000000BA
:103610000000000000000000000000002DE9F04F55
:10362000044600F110085D4D9FB0404604F12409A6
:103630000E4604F13807A8474846A8473846A84729
:103640002046574B98470546002840F0A1804FF090
:10365000FF324FF0FF33534938468847A068314660
:103660000368514DDB699847A06803689B6A9847D7
:10367000002800F09180A0684C49036825225B680F
:1036800098474B4E0820B0474A4AA368E060C0E91B
:1036900000231420B0470546D4F80CA0DFF858B139
:1036A000D8475146DFF854A1D0472B4643F8040BC6
:1036B0001846414B9847256040F6F820B04706462B
:1036C000E568D8472946D047354645F8040B40F60B
:1036D000F42200212846394B9847DFF824A106F64A
:1036E000F42B28463649D04705F10C0034491C35E7
:1036F000D0475D45F5D100256660C6F8F45A314BD8
:1037000029464FF4FA7098470146206500220023AD
:10371000CDE9062305234FF4FA72CDE90253CDE932
:103720000055294B294E049504F15800B047E06438
:10373000274B28499847284909A88DF82350D04796
:10374000CDF8009022684346244D09A90CA8A8474B
:103750000DF12301224B0CA898479DF82350214BD3
:10376000284084F858010CA898471F4E09A8B04774
:103770001E490CA8D0474FF480732046099309AA2C
:103780001B4B0CA998470CA8B0473846194B9847D3
:1037900028461FB0BDE8F08FA84765E7000000008D
:1037A000000000000000000000000000E002000037
:1037B0000000000008000000000000000000000001
:1037C000C007000000000000000000000000000032
:1037D00000000000060300000D03000000000000D0
:1037E00000000000000000000000000015030000C1
:1037F00000000000000000000000000000000000C9
:10380000000000002DE9F04F0122054691B0019122
:1038100000F11403D3E8EF1F002903D1C3E8E42F1C
:10382000002CF7D10CBF1446002463D1DFF858B246
:103830007E4C64220023E86AD847002860D16B6A76
:103840007B4C186805F110027A4B05F11801984776
:10385000E86AA047A04664220023A86AD847064623
:10386000002840F0E080744B06A898476F6A734BBD
:103870003868D5F810A098473C68D4F81424002A7A
:1038800000F0C980CDE90A66CDE90C660E96ADF868
:103890003C60D4F81034211D19440AA8684B98479D
:1038A00000282FD14FF00009664B0BA89847B9F1BB
:1038B000000F00F0B080069B07A947F8043F381DB1
:1038C000614B9847A86AC047069C604B07A90AA8A5
:1038D000984721465E4B0AAA284698475D4C0AA89D
:1038E000A04707A8A04728465B4B984780F00100F7
:1038F000C0B202E0594B9847204611B0BDE8F08FA6
:10390000A04796E7DFF8849105AB04AA03A90AA8AB
:103910000396C84781460028C4D0059B9A45C1D16B
:10392000049BDFF86CA1012B1AD0FC234C490693B1
:103930004C4B07A898472046D4F81024D4F8141408
:10394000D047D4F810342BB94FF0FF32C4F8082414
:10395000C4F80C34D4F81C340133C4F81C34A3E785
:10396000039B042B03D0FC233F490693E0E73F4B26
:103970000AA88DF808609847C0282FD19DF83C30E0
:103980001BB1DDE90B239A4206D100238DF83D30AF
:10399000FC2337490693CBE79B1A0E9AB2EBA30F91
:1039A000F3D2344B0AA898479DF83D308DF80800B3
:1039B000002BEDD00199304B0AA898470028E7D09A
:1039C000D4F810242AB94FF0FF33C4F80C24C4F8FB
:1039D00008342046D4F81414D04765E7274B02AAD0
:1039E00006A90AA898470028EAD1FC23244906938F
:1039F00007A81C4B98472046D4F81024D4F8141478
:103A0000D047D4F81034002BA4D14FF0FF33C4F8C2
:103A1000083400239CE7A86AC0471A4B98470D4B0F
:103A200007A8984717E7014B984714E700000000E4
:103A30000000000000000000000000000000000086
:103A40000000000000000000000000000000000076
:103A50000000000000000000000000000000000066
:103A60005C02000000000000750200000000000081
:103A700092020000000000000000000000000000B2
:103A8000B302000000000000000000000000000081
:103A900000000000094A1368591C116033B9084A34
:103AA0000849C2E90733116013765362064A0021C0
:103AB000134603F8041BC2F8683170470000000089
:103AC00000000000000000000000000008B5044AEB
:103AD0001368013B136013B90248034B984708BDB4
:103AE000000000001C000000000000002DE9F04F65
:103AF0009448954FB3B0954DB847954C4FF0FF3271
:103B00004FF0FF338F48A04795F834A2914E05F54A
:103B10000870B846B047DFF89C928F4FBAF1000F9B
:103B200016D14FF0FF334FF0FF3205F50870A04774
:103B300028698A4B9847002840F044814FF4E131CE
:103B40002869C847002840F03D8105F50870B04756
:103B5000834D0026AA464FF4E1310DF1180B28469B
:103B6000C84780495846B8474FF0FF324FF0FF33FF
:103B700005F13800A0477C4909A8B8475AF8103B1E
:103B8000DFF8349220A80393C847CDE92466774A2A
:103B900009A926A89047039B1422CDE9293A05F1EB
:103BA000240331462B932CA8714B98472CA8CDF8B1
:103BB000C4B0C0476F4919A8B847DFF8CCA119AA0B
:103BC000FF2120A8D0476C4E19A8B047012225AB91
:103BD000D3E8EF1F002903D1C3E8E02F0028F7D175
:103BE000DFF8748140F03681644F642200232B9803
:103BF000A047002840F07F812998319B0068604FE2
:103C000024AA26A9B847534F2B98DFF870A1DFF8F4
:103C1000ACB1B8470397642200232A98A047002834
:103C200040F0718119A8C847564F19AB24992998BB
:103C30000DF11702B84703462A98002B00F05D816A
:103C4000039B9847DDF864901AA9484F15A8B84718
:103C500049464D4B15AA20A8984715A8B0471AA861
:103C6000B0474A4B20A898470646002840F0FB8002
:103C70009DF81730002B00F0F68045490CA86D68C0
:103C8000C04706A90FA8B8470CA912A8B847D5F88D
:103C9000F43A632B4ED805F10409CA46DFF820B187
:103CA000D5F8F43A9E42C0F030810FA919A8B84760
:103CB00012A91CA8B847374B14209847002706467E
:103CC000CDE91577CDE91777334B15A9042098472F
:103CD000324B334A03603046324B40F8042B189382
:103CE000314B0222776015A9C0E90177179337613C
:103CF0009847189B15A83361179B2C4FF3602C4BEA
:103D000098471F96D5F8F46A19A9731CC5F8F43AB8
:103D10001C235E4309EB0600B84706F10C001CA902
:103D20004844B8471F9B3544EB611CA8124DA84777
:103D300019A8A847104D12A8A8470FA8A8470CA873
:103D4000A84790E0200200000000000000000000F2
:103D50000000000000000000000000000000000063
:103D600000000000C0090000D109000000000000B0
:103D700000000000690700000000000000000000D3
:103D80000000000000000000000000000000000033
:103D9000C00700000000000000000000000000005C
:103DA000080000000000000000000000000000000B
:103DB0000000000000000000000000000000000003
:103DC0000000000000232E697A498DF8483019A8B8
:103DD000B84706F124030093326806F1100319A9CD
:103DE000754E20A8B047754B12A920A8984708B176
:103DF0009DF84800DFF834B285F8340220A8D8478F
:103E0000DFF8E0A119A8D0476D496E4B15A8984777
:103E10002E696D496B4B19A8984706F1240300934E
:103E2000326806F1100319A9634E20A8B04715A9FE
:103E3000664B20A89847064620A8D84719A8D0471F
:103E400086F001066248634B85F83562984715A8ED
:103E5000D0477DE6604919A8B84720A8FF2119AAD4
:103E6000D04719A8B047002301228DF8483025AB70
:103E7000D3E8EF1F002903D1C3E8E02F0028F7D1D2
:103E80004DD1564D642200232B98A04700287FD1A6
:103E90002998319B0068524D24AA26A9A8472B983F
:103EA0004C4DA8474D4FDFF88881DFF88891642298
:103EB00000232A98A047002872D119A8C04719AB3F
:103EC0002499299812AAC8470346464E2A98002BDF
:103ED00060D0A847199C444B1AA915A89847434B92
:103EE000214615AA20A8984715A8B0471AA8B04798
:103EF0003F4B20A81DE0B84777E6039B9847D8477B
:103F00001AA8B04787E6D04785E650460FA9D8479C
:103F10000AF11C0A00287FF40DAF0136C0E62E49D5
:103F200019A8C047314B20A8FF2119AA98472D4B4B
:103F300019A898472B4C26A8A04721A8A04709A854
:103F4000A047244B2B48984706A8A0472A482B4B4C
:103F500098472B4928482B4B98472B4C4FF4FA6035
:103F60000021A047294E00222921234B28480092F6
:103F7000B047284DB0B1284B984742F2107000214D
:103F8000A0472B462549264833B0BDE8F04F1847D7
:103F9000A84777E7A847234B98471AA8B04786E772
:103FA000B84784E720491E48A84742F21070002114
:103FB000A047D8E7A80900000000000000000000AA
:103FC000C007000000000000B6090000000000006B
:103FD0002002000000000000480700000000000070
:103FE00000000000000000000000000000000000D1
:103FF0000000000038000000000000000000000089
:10400000A086010000000000000000000000000089
:10401000000000000000000000000000FD0900009A
:104020000000000000000000DC09000000000000AB
:104030000000000000000000002070470368C9B2C3
:104040001B681847036801211B6B184710B40368ED
:104050009C6B0123A4465DF8044B6047B0F83A31ED
:10406000B0F83E21981A80B270477047C0F85012DD
:104070007047C0F84C127047D0F84802004B184700
:104080000000000007B5054B8DF8071001220DF167
:1040900007012030984703B05DF804FB00000000E2
:1040A000014B2030184700BF0000000007B5084B47
:1040B00001220DF1070100F59A70984720B19DF893
:1040C000070003B05DF804FB4FF0FF30F9E700BFD5
:1040D0000000000008B5FF2301220B701030024BD6
:1040E0009847002008BD00BF0000000007B5084B3E
:1040F00001220DF1070100F59A70984720B19DF853
:10410000070003B05DF804FB4FF0FF30F9E700BF94
:104110000000000070B504460D460368DB6998474F
:10412000064BD4F84802E582A361836804F11001CC
:10413000DB6813B1BDE87040184770BD0000000097
:104140000B4B99420FD00B4B99420ED00A4B994220
:104150000CBF03210121D0F84802836849001B6885
:1041600041F0100118470121F5E70221F3E700BFF4
:10417000A0860100801A060040420F002DE9FF4191
:104180000446002300F59A77009300F59C78B4F874
:104190004031B0F838010E46C01AD4F8441180B24C
:1041A0000B1A934228BF1346144D6A4641463846BF
:1041B000A847054648B900252A4641463846104BCF
:1041C0009847284604B0BDE8F081009B002BF2D050
:1041D000CDE901350323D4F848028DF80C309DF861
:1041E0000C30826843F002038DF80C30946833463B
:1041F000012201A9A0470028DDD1DDE70000000071
:104200000000000070B5C38A044663B1D0F84802CC
:1042100004F1100583681B690BB1294698470023F8
:1042200023616B60AB60D4F84802024BBDE870407C
:10423000184700BF000000000023F0B585B0428D94
:104240000093C38C00F12A079B1A026B9BB2934226
:1042500000F12006044628BF134639466A46304618
:10426000104DA8470546009AD4F84802CDE901252B
:104270000222A38B8DF80C209DF80C20816842F05F
:1042800002028DF80C208C68012201A9A047044687
:104290002A4639463046044B9847201E18BF012055
:1042A00005B0F0BD00000000000000000346002043
:1042B000C3E94A00C3F8300170470023C161C0E977
:1042C0000933C0E94E33C362C0F840317047000083
:1042D00030B500224FF47A74C0E9012404460E4D33
:1042E00044F8105B0261C4E90122C0E9921200F1B6
:1042F0003401C0E908124FF4807100F5A474C0E9DC
:104300000A22C0E94D42C0E94F22C0F850220163A1
:10431000C0F8441130BD00BF0800000013B5D0F84C
:10432000503204468DF807205BB1B4F83E21B0F856
:104330003A01801A80B2D4F84421411C914200D93C
:1043400098470122054B0DF1070104F59A70984733
:10435000B0FA80F04009404202B010BD00000000F9
:104360000A46024B01461038184700BF0000000003
:1043700038B514460022D0F84C32C0E9092200F1C9
:104380002005C26203B19847FF2301222370214612
:104390002846024B9847002038BD00BF00000000AF
:1043A00008B50A46024B014610389847002008BD60
:1043B0000000000008B5D0F850223AB1B0F83A3108
:1043C000B0F83E11581A80B200B19047002008BDE5
:1043D00008B50146024B10389847002008BD00BFC1
:1043E0000000000010B50C4A1368591C116033B965
:1043F0000A4A0B49C2E9073311601376536209492F
:10440000094B0A4898470A490A489847BDE81040AE
:1044100009490A48184700BF0000000000000000DA
:10442000000000000000000000000000000000008C
:10443000000000000000000000000000000000007C
:1044400008B5044A1368013B136013B90248034BD3
:10445000984708BD000000001C000000000000009C
:10446000704707B503688DF8071001225B680DF1EE
:104470000701984703B05DF804FB0000004B1847A4
:10448000000000000049084700000000002810B5A7
:1044900006D001DA034B9847034BBDE8104018479C
:1044A00010BD00BF0000000000000000004B1847D6
:1044B0000000000070B5044600F508764FF0FF32AA
:1044C0004FF0FF33304614498847D4F81C5205B3E7
:1044D000D4F81C32DBB1D4F8183223441D7DD4F853
:1044E00018320133C3F30803C4F81832D4F81C326D
:1044F000013BC4F81C32D4F81C3201243046074B6F
:104500009847002C14BF28464FF0FF3070BDFF25A0
:10451000F1E72C46F2E700BF0000000000000000B9
:1045200038B5044600F508754FF0FF334FF0FF3201
:1045300028460A498847D4F81C325BB1D4F81C32AB
:1045400043B1D4F818321C44247D2846044B9847C4
:10455000204638BD4FF0FF34F7E700BF00000000F1
:10456000000000000A200021004B18470000000056
:104570002DE9F047D0E901439C4205468946DFF822
:1045800078A00AD021460120D04799F80030037066
:104590006B6801336B60BDE8F0870121114A124B53
:1045A0009847124B2F6880469847E41B011906462E
:1045B0000120D04799F80030002C037004DD22461A
:1045C000394630460A4B98470134344427B1A9682C
:1045D0003846084BC91B9847C5E900644644AE609D
:1045E000D9E700BF5C0800000000000000000000E8
:1045F0000000000000000000000000002DE9F0476E
:10460000D0E901439C4205468946DFF878A00AD0EC
:1046100021460120D04799F8003003706B680133C0
:104620006B60BDE8F0870121114A124B9847124B8D
:104630002F6880469847E41B011906460120D047A1
:1046400099F80030002C037004DD224639463046CC
:104650000A4B98470134344427B1A9683846084BBF
:10466000C91B9847C5E900644644AE60D9E700BF5E
:104670005C080000000000000000000000000000D6
:1046800000000000000000002DE9F04F037D04460B
:10469000894687B01BB1D0E90123934205D100239D
:1046A0006375002007B0BDE8F08F05699B1AB5EB74
:1046B000A30FF4D201264B4B46759847C52844D02A
:1046C000C62867D0C42840F0878032462946204655
:1046D000454D4FF0000AA847564683465746D046F8
:1046E0005FFA8AF2934521691CD801312161D9F81A
:1046F0000830D9E900123D4DCDE903120593C9E90F
:104700000087C9F8086003A8A84700236846CDE9D8
:1047100000330293A847637D002BC2D02046344B60
:104720009847BFE70AF102022046A847314B8DF8AF
:104730000C0003A96846CDE9008702960AF1010A38
:104740009847DDE90087029ECAE7324629462A4B90
:1047500020464FF0000A9847564683465746D046B3
:10476000214B244D1FFA8AF25A452169BDD20AF124
:1047700003022046984703A98DF80C006846CDE94E
:10478000008702960AF1010AA847DDE90087029E28
:10479000154BE7E732462946184B20460026984736
:1047A00037468346B046B2460F4B124DD34521697A
:1047B0009BD00AF105022046984703A98DF80C000A
:1047C0006846CDE9008702960AF1010AA847DDE9AB
:1047D0000087029E044BE9E70026691C3746B04675
:1047E000667583E700000000000000000000000084
:1047F00000000000000000000000000000000000B9
:1048000007B5044B8DF807100DF10701984703B069
:104810005DF804FB000000002DE9F047D0E90143FA
:104820009C4205468946DFF878A00AD0214601203F
:10483000D04799F8003003706B6801336B60BDE8B6
:10484000F0870121114A124B9847124B2F6880467E
:104850009847E41B011906460120D04799F800301B
:10486000002C037004DD2246394630460A4B984737
:104870000134344427B1A9683846084BC91B98470E
:10488000C5E900644644AE60D9E700BF5C0800009B
:104890000000000000000000000000000000000018
:1048A000000000007E2913B504460AD80D4B8DF890
:1048B00007100DF107019847E3680133E36002B088
:1048C00010BDFF2903D8084BC9B29847F7E7B1F5E7
:1048D000803F03D2054B89B29847F0E7044B9847D5
:1048E000EDE700BF00000000000000000000000035
:1048F00000000000F7B50C1E054623DBE3177F2CF4
:1049000073F1000208D28DF8044001A9244B9847A6
:10491000EB680133EB6007E0B4F5807F73F10002D0
:1049200004D2204BE1B2984703B0F0BDB4F5803F0C
:1049300073F1000303D21C4BA1B29847F4E71B4B61
:104940009847F1E714F11E0F01AE03DB31468DF8F5
:104950000440DBE714F1800F154B06DBD0219847AC
:10496000314628468DF80440D0E714F5004F114F2A
:104970000BDBD121ADF80440984728460DF1050125
:10498000B84731462846B847C2E70194D221984734
:10499000032431192846B847013CFAD2B8E700BFD2
:1049A0000000000000000000000000000000000007
:1049B000000000000000000070B5044616461D46C9
:1049C000074B984720463168064B98472046296890
:1049D000054B984720460499044B984770BD00BF8B
:1049E00000000000000000000000000000000000C7
:1049F0002DE9F0410024054688B0D0F81884164E01
:104A0000009102AB042104A8174603AACDE906448D
:104A1000CDE904440394CDF80880B04721460F4BFC
:104A200004A89847DDE90416761A0D4B324628464D
:104A30009847864204BF0124D5F8183404A804BF5F
:104A40000133C5F81834074B98470CB1C7F80080FC
:104A500008B0BDE8F08100BF0000000000000000C9
:104A600000000000000000002DE9F04300241E4675
:104A7000054689B0D0F8188402AB009104A804213F
:104A80001746DFF8689003AACDE90644CDE904444F
:104A90000394CDF80880C8470121104B04A898471B
:104AA00031460F4B04A89847DDE90416761A0D4BE2
:104AB000324628469847864204BF0124D5F8183468
:104AC00004A804BF0133C5F81834074B98470CB14C
:104AD000C7F8008009B0BDE8F08300BF0000000007
:104AE00000000000000000000000000000000000C6
:104AF0002DE9F04300241E46054689B0D0F81884FD
:104B000002AB009104A804211746DFF8689003AABD
:104B1000CDE90644CDE904440394CDF80880C847A4
:104B20000121104B04A8984731680F4B04A89847FF
:104B3000DDE90416761A0D4B324628469847864220
:104B400004BF0124D5F8183404A804BF0133C5F804
:104B50001834074B98470CB1C7F8008009B0BDE87E
:104B6000F08300BF00000000000000000000000013
:104B7000000000000000000038B5037D04460D462B
:104B80001BB1D0E90123934203D1002363750020B8
:104B900038BD9B1A0269B2EBA30FF6D2044B9847BB
:104BA0002860637D002BF2D02046024B9847EFE748
:104BB00000000000000000002DE9F04F8046A9B081
:104BC00000F5087301934FF0FF324FF0FF339B4E17
:104BD00000F50870B04798F834428DF81740002C63
:104BE00040F0D681D8F8105095492F46DFF89CA2A6
:104BF00009A8D047DFF898B216A857F8109BD847F5
:104C000009A9904B1CA8CDE91A44243598471422D1
:104C100021468D4B22A8CDE91F97219598478B4BB4
:104C200022A898478A4910A8D0478A4D10AAFF2188
:104C300016A8A847884C10A8A04701221BABD3E8B0
:104C4000EF1F002903D1C3E8E02F0028F7D163D17B
:104C5000824C642200232198B047002840F0B480A1
:104C60001F9B7F4C18681AAA7E4B1CA99847219855
:104C7000A0470394642200232098B04705460028EB
:104C800040F06D810CA8D8471F9F1A9B386802938B
:104C9000754B98473C68D4F81424002A00F05681DC
:104CA000CDE91055CDE912551495ADF85450D4F80E
:104CB0001034211D194410A86C4B9847002840F06F
:104CC00085804FF000096A4B11A89847B9F1000F91
:104CD00000F03C810C9B0DA947F8043F381D654B43
:104CE00098475F4C2098A0470C9D0DA9554B10A8E4
:104CF0009847294610AA574B16A89847564D10A812
:104D0000A8470DA8A8474FF0FF324FF0FF3322A865
:104D1000B04722A8A04708E0574910A8D04716A8D6
:104D2000FF2110AAA84710A8A047002301228DF850
:104D300020301BABD3E8EF1F002903D1C3E8E02FDD
:104D40000028F7D140F00E81444C642200232198C2
:104D5000B047002840F023811F9B1AAA18681CA99D
:104D6000404B98473E4C2198A0473C4FDFF8249198
:104D7000394D642200232098B047002840F0178165
:104D800010A8D84710AB1A991F9808AAC84703461D
:104D90002098002B00F00581A047109F11A9294BF6
:104DA0000CA8984739460CAA2A4B16A898470CA875
:104DB000A84711A8A8474FF0FF324FF0FF3322A8B1
:104DC000B04722A8A047D8E0A04742E7DFF8C89044
:104DD00008AB07AA06A910A80695C847814600286F
:104DE0003FF46FAF089B029A9A427FF46AAF079B29
:104DF000012B1BD0FC2321490C93214B0DA8984774
:104E0000204B2046D4F81024D4F814149847D4F832
:104E100010342BB94FF0FF32C4F80824C4F80C3416
:104E2000D4F81C340133C4F81C344CE7069B042B23
:104E300034D0FC2314490C93DFE700BF00000000CE
:104E40004803000000000000000000000000000017
:104E500056030000000000000000000000000000F9
:104E60000000000000000000000000000000000042
:104E7000000000000000000074030000E1010000D9
:104E80000000000000000000FA0100000000000027
:104E9000000000000000000000000000454B10A8CA
:104EA0008DF814509847C02831D19DF854301BB16B
:104EB000DDE911239A4206D100238DF85530FC23F9
:104EC0003D490C9399E79B1A149AB2EBA30FF3D2C6
:104ED0003A4B10A898479DF855308DF81400002BD8
:104EE000EDD0374B0DF1170110A898470028E6D0F8
:104EF000D4F810242AB94FF0FF33C4F80C24C4F8B6
:104F000008342046D4F814142E4B9847DBE62E4B79
:104F100005AA0CA910A898470028E9D1FC232B4921
:104F20000C930DA82A4B9847264B2046D4F8102402
:104F3000D4F814149847D4F81034002B7FF470AFD1
:104F40004FF0FF33C4F80834002367E72098039B31
:104F50009847204B9847204B0DA898478AE61F4B4F
:104F6000984787E61E4910A8D0471E4B16A8FF2178
:104F700010AA9847184B10A89847174C1CA8A04790
:104F800017A8A04709A8A0479DF8174088F8344201
:104F90000198154B9847204629B0BDE8F08FA047EF
:104FA000D3E6A0470B4B984711A8A847E1E6B847BE
:104FB000DFE600BF00000000170200000000000054
:104FC00000000000000000000000000038020000A7
:104FD00000000000000000000000000000000000D1
:104FE0007403000000000000000000002DE9F04301
:104FF00004460D461646DFF89490DFF8948085B09D
:1050000000F12407642200233846C847002831D124
:105010002368CDE90200CDE90000DFF8789068460A
:105020000321D3F80080C847134B684602219847F4
:10503000124C29466846A04768460121C8473146B8
:105040006846A047DDE90014641A0D4B224640462D
:105050009847844208BFD8F81834684604BF013323
:10506000C8F81834074B98473846074B05B0BDE8D9
:10507000F0431847C047C5E70000000000000000EB
:105080000000000000000000000000000000000020
:1050900000000000000000002DE9F041044600F18E
:1050A00030070E4615464FF0FF334FF0FF323846BB
:1050B0000649884720462946054B40F8046B984727
:1050C0003846BDE8F041034B184700BF0000000020
:1050D000000000000000000000232DE9F04701223D
:1050E000044688B08DF8003000F11403D3E8EF1FB8
:1050F000002903D1C3E8E02F0028F7D146D1334F70
:10510000334D64220023E06AB847002854D1606A16
:10511000636C00682F4D04F1100204F11801A847D8
:10512000E06A2D4DA847DFF8A880DFF8C890DFF8C7
:10513000C8A064220023A06AB847002844D104A86C
:10514000C84704AB6A462169606AD0470346234ECC
:10515000A06A002B32D0A847DDF8108005A9204BAB
:1051600001A89847414601AA1E4B2046984701A82E
:10517000B04705A8B04704F130064FF0FF324FF0BA
:10518000FF333046B8473046A8470BE01649174B67
:1051900004A898472046134BFF2104AA98470F4BB9
:1051A00004A898470D4D04F11800A847201DA847F2
:1051B000204608B0BDE8F087A847A2E7A8470C4BF7
:1051C000984705A8B047B4E7C047B2E70000000021
:1051D00000000000000000000000000000000000CF
:1051E0000000000000000000740300000000000048
:1051F0000000000000000000000000002DE9F04F5A
:105200008E4BABB006460D469146984704460028A3
:1052100000F0C3800DF1200840468949894FB84706
:10522000DFF880A22C464D44A54240F0A080002526
:1052300096F8353234698449844E0495002B00F089
:105240008481A1460BA8B847DFF85CB259F810ABCF
:1052500018A8D84724340BA9CDE91C557C4B1EA8AF
:10526000984714222946CDE921A97A4B239424A8F2
:105270009847CDF8A480784B24A89847774912A87E
:10528000B847774C12AAFF2118A8A04712A8B04728
:1052900001221DABD3E8EF1FA94203D1C3E8E02FE1
:1052A0000028F7D168D16F4D6F4C642200232398FA
:1052B000A847002875D12198299B00686B4C1CAA2F
:1052C0001EA9A0476A4C2398A047A1466422002348
:1052D0002298644988470546002840F033810EA88B
:1052E000D847219F1C9B38680193624B98473C68C4
:1052F000D4F81424002A00F01D81CDE91255CDE91F
:1053000014551695ADF85C50D4F81034211D19448D
:1053100012A8594B9847002845D14FF0000A574B27
:1053200013A89847BAF1000F00F004810E9B0FA953
:1053300047F8043F381D524B98472298C8470E9CA7
:105340000FA9434B12A89847214612AA444B18A80C
:10535000984712A8B0470FA8B0474FF0FF324FF060
:10536000FF33404924A8884724A8C8470DE0404699
:1053700014F8011BD04757E7424912A8B84718A8AC
:10538000FF2112AAA04712A8B0473F4B18A8984780
:105390000BA8B0474046049CB04720462BB0BDE860
:1053A000F08FA04781E7DFF804A107AB06AA05A9A3
:1053B00012A80595D04782460028AED0079B019AD7
:1053C0009A42AAD1069B012B1BD0FC232F490E9396
:1053D0002F4B0FA898472F4B2046D4F81024D4F811
:1053E00014149847D4F810342BB94FF0FF32C4F896
:1053F0000824C4F80C34D4F81C340133C4F81C3429
:105400008DE7059B042B03D0FC2323490E93DFE794
:10541000224B12A88DF80C509847C0286BD19DF8EC
:105420005C301BB1DDE913239A4241D100238DF892
:105430005D30FC231A490E93CAE700BF000000004C
:10544000C1070000000000003E0300000000000053
:1054500000000000000000000000000056030000F3
:10546000000000000000000000000000000000003C
:10547000000000000000000000000000000000002C
:10548000000000007403000000000000E1010000C3
:105490000000000000000000FA0100000000000011
:1054A00017020000000000000000000000000000E3
:1054B0009B1A169AB2EBA30FB8D22A4B12A89847A0
:1054C0009DF85D308DF80C00002BB2D0264B04A95E
:1054D00012A898470028ACD0D4F810242AB94FF06D
:1054E000FF33C4F80C24C4F808342046D4F814144C
:1054F0001E4B984713E71E4B03AA0EA912A8984704
:105500000028E9D1FC231B490E930FA81A4B98479A
:10551000164B2046D4F81024D4F814149847D4F825
:105520001034002B7FF467AF4FF0FF33C4F808341A
:1055300000235EE72298114B9847114B98470FA81C
:10554000B047C3E60F4B9847C0E618A8B847424695
:1055500020460D4B18A9984718A8B047CDF81090D1
:1055600018E700BF0000000000000000000000007D
:1055700000000000380200000000000000000000F1
:105580000000000000000000000000002DE9F041D4
:10559000044600F130070E4615464FF0FF334FF03A
:1055A000FF3238460649884720462946054B40F8D1
:1055B000046B98473846BDE8F041034B184700BFDD
:1055C00000000000000000000000000038B50446A4
:1055D00000F130054FF0FF3207494FF0FF33284606
:1055E000884724682846002CD4BF00240124034B9C
:1055F0009847204638BD00BF0000000000000000B2
:105600002DE9F04F0122054691B0019100F11403FC
:10561000D3E8EF1F002903D1C3E8E02F0028F7D11A
:105620000CBF1446002464D1DFF874B2844C6422A9
:105630000023E86AD84700286BD1686A6B6C006861
:10564000804C05F1100205F11801A0477E4CE86A74
:10565000A047A04664220023A86AD847064600282F
:1056600040F0EA80794B06A898476F6A784B386813
:10567000D5F810A098473C68D4F81424002A00F00C
:10568000D380CDE90A66CDE90C660E96ADF83C6094
:10569000D4F81034211D19440AA86E4B98470028ED
:1056A00039D14FF000096C4B0BA89847B9F1000FA6
:1056B00000F0BA80069B07A947F8043F381D674BE6
:1056C0009847A86AC047069C654B07A90AA898474F
:1056D0002146644B0AAA28469847634C0AA8A0476B
:1056E00007A8A0472846614B984780F00100C0B248
:1056F0000CE05F495F4B0AA89847FF212846594BA9
:105700000AAA9847584B0AA89847204611B0BDE806
:10571000F08FA0478BE7DFF88C9105AB04AA03A9B3
:105720000AA80396C84781460028BAD0059B9A4527
:10573000B7D1049BDFF870A1012B1AD0FC234E498E
:1057400006934E4B07A898472046D4F81024D4F867
:105750001414D047D4F810342BB94FF0FF32C4F8EA
:105760000824C4F80C34D4F81C340133C4F81C34B5
:1057700099E7039B042B03D0FC2341490693E0E700
:10578000404B0AA88DF808609847C0282FD19DF893
:105790003C301BB1DDE90B239A4206D100238DF882
:1057A0003D30FC2338490693CBE79B1A0E9AB2EBA7
:1057B000A30FF3D2354B0AA898479DF83D308DF8DA
:1057C0000800002BEDD00199314B0AA8984700281A
:1057D000E7D0D4F810242AB94FF0FF33C4F80C24D2
:1057E000C4F808342046D4F81414D0475BE7294B9A
:1057F00002AA06A90AA898470028EAD1FC2326494C
:10580000069307A81D4B98472046D4F81024D4F8D7
:105810001414D047D4F81034002BA4D14FF0FF3328
:10582000C4F8083400239CE7A86AC0471B4B98477C
:105830000D4B07A898470DE7014B98470AE700BFB3
:105840000000000000000000000000000000000058
:105850000000000000000000000000000000000048
:105860000000000000000000000000000000000038
:105870007403000000000000E101000000000000CF
:10588000FA01000000000000170200000000000004
:1058900000000000000000003802000000000000CE
:1058A00000000000000000000000000000232DE9BF
:1058B000F0470122044688B08DF8003000F114034F
:1058C000D3E8EF1F002903D1C3E8E02F0028F7D168
:1058D0003DD12F4F2F4D64220023E06AB8470028A6
:1058E0004BD1606A636C00682B4D04F1100204F127
:1058F0001801A847E06A294DA847DFF89880DFF82B
:10590000BC90DFF8BCA064220023A06AB84700283E
:105910003BD104A8C84704AB6A462169606AD047F6
:1059200003461F4EA06A002B29D0A847049D1D4B9B
:1059300005A901A898471C4B294601AA204698476B
:1059400001A8B04705A8B0472046184B0AE01849FF
:10595000184B04A898472046134BFF2104AA9847E8
:105960000F4B04A898470E4D04F11800A847201DBE
:10597000A847204608B0BDE8F087A847ABE7A8478E
:105980000D4B984705A8B047BDE7C047BBE700BF30
:105990000000000000000000000000000000000007
:1059A00000000000000000000000000000000000F7
:1059B0007403000000000000000000000000000070
:1059C000000000002DE9F0479EB005460191002936
:1059D0004BD0364B9847002847D005F508774FF055
:1059E000FF324FF0FF333846314988472E69002493
:1059F000B0463049DFF8EC9006A80594C8472E4B16
:105A00000CA858F810AB984706A92C4B12A8CDE962
:105A100010442436984714222146294B18A8CDE972
:105A200015A81796984701AB1D93264B18A89847C1
:105A3000254909A8C847FF21244B09AA0CA8984763
:105A4000234E09A8B04706A8B047224B03A90CA8CB
:105A5000CDE90344984758B938461F4B98471F4B28
:105A60000CA898471E4B03A898471EB0BDE8F087C6
:105A7000DDE903135A1A9442EED2D5F81C32B3F57D
:105A8000007F10D0D5F81432085D2B441875D5F876
:105A900014320133C3F30803C5F81432D5F81C32AD
:105AA0000133C5F81C320134E5E700BF00000000F7
:105AB00000000000350300000000000000000000AE
:105AC000000000000000000056030000000000007D
:105AD00000000000000000000000000000000000C6
:105AE000000000000000000038B5044600F508750D
:105AF0000B494FF0FF324FF0FF3328468847D4F868
:105B00001C12C1F50071002902DD2046054B9847A3
:105B1000D4F81C422846044B9847204638BD00BFA5
:105B20000000000000000000000000002DE9F0412E
:105B3000224A234E1368591C11602BB9214AC2E92D
:105B4000073316601376536200244FF480781E4F9B
:105B5000142221461D48C6E90044F460B8471422C7
:105B600021461B48B847142221461A48B8474246E6
:105B700021461948C6E91344B847184B184DB3607D
:105B80004FF47A73AB60174B4FF40072214605F166
:105B900014002B6086F858416C602E61B8471422BF
:105BA000214605F50870C5F81442C5F81842C5F835
:105BB0001C42B847A5F83482BDE8F081000000001F
:105BC00000000000000000000000000010000000C5
:105BD0002400000038000000580000000000000011
:105BE000000000000800000008B5044A1368013BEB
:105BF000136013B90248034B984708BD000000002A
:105C00001C0000000000000038B501F07F050446CC
:105C10000A4B6900D0F8680198472070084B64204F
:105C20000021984794F900302BB90120D4F868314D
:105C300083F85C5138BD0020FCE700BF0000000085
:105C40000000000030B50D7E89B069460A4B284639
:105C500098470A4C0A490B48A0470A2229460A4B92
:105C60000848984709490748A0476946084B05482E
:105C7000984709B030BD00BF0000000000000000E0
:105C8000B00300000000000000000000BF0300009F
:105C900000000000F7B505460C4616461AB11B4930
:105CA0001B481C4B98472146D5F868011A4B98476A
:105CB00007463EB328462146184B984701AA184B81
:105CC0000321D5F868019847164D17491048A84791
:105CD000DDED017AF8EE677A144B17EE900A9847DB
:105CE000134E0022134BB047134B41EC100B022113
:105CF0000748984711490648A8470A2221890448BD
:105D00000F4B9847384603B0F0BD00BFC3030000F7
:105D10000000000000000000000000000000000083
:105D20000000000000000000ED0300000000000083
:105D3000000000000000F03E00000000060400002B
:105D40000000000010B5054B0446D0F868019847E4
:105D50002070B0FA80F0400910BD00BF00000000C4
:105D600010B5054B0446D0F8680198472070B0FA8A
:105D700080F0400910BD00BF0000000070B5012296
:105D800004460E46D0F868010021484DA84720700F
:105D900008B1002070BD0122D4F868011146A8475F
:105DA00020700028F5D1032E12D8DFE806F0021586
:105DB000445E01220321D4F86801A847207038B955
:105DC00040F6D4020321D4F86801394B984720707B
:105DD000B0FA80F04009DDE73649374B374898473D
:105DE000334D41F699120121D4F86801A84720707B
:105DF0000028EDD101464FF47012D4F86801A8478D
:105E000020700028E4D148F2E801D4F868012C4B56
:105E1000984720700028DBD101461222D4F868018F
:105E2000284DA84720700028D2D10E220121D4F895
:105E30006801A847CBE74FF480420121D4F86801FC
:105E40001B4DA84720700028C2D101464FF4001214
:105E5000D4F86801A84720700028B9D147F2305122
:105E6000D4F86801164B9847B1E74FF480420121FE
:105E70002046154EB04794F900000028A8D10146ED
:105E80004FF490122046B04794F9000000289FD1AB
:105E900020460E490E4B984794F90000002897D1F0
:105EA00002460321D4F86801A84790E700000000EB
:105EB000000000009503000000000000000000004A
:105EC000000000000000000000000000400D030082
:105ED000000000002DE9F3410E4629211546D0F8B7
:105EE0006821044682F85C110121D0F86821271D41
:105EF00082F85D114FF4C871D0F86821A2F85E11E4
:105F0000D0F86821C2F86031D0F86831D3F8600168
:105F10000368DB699847684B3846984731462070DC
:105F2000664B20469847064620B90026304602B008
:105F3000BDE8F08104F5B67841463846604B984795
:105F4000207000284FD1002D2DD05E4B5E495F4858
:105F500098475F4F5F495D48B84741465B48DFF867
:105F6000D881C0475C495948B84704F5C6715748BD
:105F7000C0475A495548B847594B04F5D67153485C
:105F8000984758495148B8470A22574B94F8CD11C1
:105F90004E48984755494D48B8470A2294F8CE11C3
:105FA0004A48534B9847D4F8CC31524A23F07F43A8
:105FB00023F0FF03934223D09DB14F49444B434804
:105FC00098470A2294F8CD11474B404898472C2116
:105FD0004A4B3E4898470A2294F8CE113B48444B1E
:105FE0009847FB232370002D9FD04549384B3748F5
:105FF00098470A2294F90010424B3448984794E796
:1060000094F90030002BEED11DB13F492F482D4BA4
:106010009847D4F868013D4B984720700028E2D19A
:106020001DB13B492948274B9847D4F86801394BA3
:106030000DF1010201A9984720708DB13649244F16
:106040002248B8470A22354B0199204898473449DD
:106050001E48B8470A229DF801101C48244B984757
:1060600094F90030002BBED11DB12E491748154BB5
:106070009847D4F868012C4B0DF103020DF1020191
:10608000984720700028AED11DB128490F480D4B0C
:1060900098470021D4F86801254B984720700028C4
:1060A000A1D1244B20469DF82010984794F9003048
:1060B000002B3FF43BAF96E700000000000000001B
:1060C00000000000000000001A04000000000000B2
:1060D0000000000028040000360400003F04000017
:1060E0000000000046040000000000005204000010
:1060F00000000000000101005C040000000000003E
:106100000F050000000000007E04000000000000F9
:106110009204000000000000B40400000000000031
:10612000C4040000D904000000000000F8040000CE
:10613000000000000000000000000000064A136894
:10614000591C116033B9054A0549C2E9073311608A
:1061500013765362704700BF00000000000000008B
:106160000000000008B5044A1368013B136013B92E
:106170000248034B984708BD000000001C000000C7
:1061800000000000004B184700000000004B1847BB
:10619000000000004A08014B8A2118470000000057
:1061A000152906D8044BCB40DB0702D5017400202B
:1061B00070476FF0070070470B00300010B50A46BB
:1061C0000C46044B0921984718B9237803F00103C2
:1061D000237010BD00000000004B184700000000B5
:1061E000004B184700000000004B1847000000005B
:1061F0000023F7B50C468DF8073017460121254BD3
:106200000DF10702064698470546D8B9012F9DF8BB
:10621000073026D1042C3AD8DFE804F003171A1D02
:10622000200043F010049C420CD02246012130464D
:10623000194B9847054628B930467169174B86F8BF
:1062400030419847284603B0F0BD43F02804EAE700
:1062500043F00404E7E743F04004E4E743F080043C
:10626000E1E7042C13D8DFE804F00306090C0F0063
:1062700003F0EF04D7E703F0D704D4E703F0FB04FF
:10628000D1E703F0BF04CEE703F07F04CBE76FF064
:106290000305D7E700000000000000000000000038
:1062A000002313B50C468DF8073001210B4B0DF17F
:1062B0000702984778B99DF80730C3F3001222709F
:1062C000C3F3C002A270C3F380026270C3F38012F2
:1062D000DB09E270237102B010BD00BF00000000B6
:1062E00013B50B4B144601AA984778B94FF47A724C
:1062F000019BB3FBF2F102FB1133C3EB034303F544
:10630000FA73B3FBF2F303EB0143236002B010BD59
:106310000000000037B50C4B0D460DF10202F821CC
:106320000446984770B904212046084B01AA9847B3
:1063300040B9BDF802201AB1019BB3FBF2F32B6008
:106340002B68A36103B030BD000000000000000016
:10635000037F00200B70704737B50B4B0D460DF1D6
:10636000060220210446984728B9BDF8063023B913
:10637000236A2B60207703B030BDDB002B602362E3
:1063800001232377F7E700BF000000000529F8B5D7
:1063900004460E46154635D862B100EB81035A6BB0
:1063A00001210023701E042807D8DFE800F00E1733
:1063B0001A1D240011460123F4E784F82810344400
:1063C000E5B984F82850002007E0442120460F4B0F
:1063D000C2F34F2298470028F1D0F8BD84F82A1064
:1063E000EDE784F82B10EAE7FE225B0060212046EF
:1063F000074FB847EFE7EF221B01F7E7012384F8C7
:106400002830E0E76FF00300E7E700BF000000007E
:106410000000000005298DBF0023401890F82830A7
:106420006FF0030098BF00201370704770B54318D9
:1064300093F8283004460E46154623B900EB810632
:106440007263002013E005291AD8DFE801F0030881
:1064500011131515426304EB86046563F1E74421CB
:10646000C2F34F222046084B98470028F3D070BD56
:10647000C263F0E70264EEE76421C2F34F22F1E762
:106480006FF00300F3E700BF0000000037B50446DB
:10649000154605292AD8DFE801F003061416181856
:1064A000436B2B601FE04421124B0DF1060298470D
:1064B000D0B9BDF8062053028AB12B60A363012333
:1064C0000FE0C36BEDE7036CEBE76421094B0DF1C3
:1064D0000602984740B9BDF806305B02E1E7A26BBF
:1064E0002A6084F82930002003B030BD6FF003002B
:1064F000FAE700BF0000000005290ED8022909D0E4
:1065000006D8012904D0D0F840310020136070472C
:10651000C36DFAE7D0F84831F7E76FF00300704732
:1065200037B5094B0D460DF1070201210446984786
:1065300038B99DF8073084F83031DB092B7084F8C6
:106540004C3003B030BD00BF000000002DE9F04723
:10655000037C0C4601F8083B1A4B0546984778BB6C
:106560002073194B284604F11001984740BB284678
:10657000164B04F11401984710BB0646DFF858A0EB
:1065800004F1240705F1270904F117083A462846C3
:10659000B1B2D047A0B919F8013F0136062E08F86C
:1065A000013F07F10407F1D12846094B04F13C01F2
:1065B000984728B92846211D064BBDE8F0471847E3
:1065C000BDE8F087000000000000000000000000AF
:1065D0000000000000000000000000002DE9F04372
:1065E000FE2201238921574C93B00546A047564E01
:1065F000024610B988212846B047C0210DF1070294
:106600002846DFF86081C0474FF47A72A5F852211E
:106610004FF4C8720023A5F854214C4A85F8F03095
:10662000C5F858214A4A2B6228464A4BC5F8D4205F
:1066300002A99847044688B9ADF8080005F1100C86
:1066400002AF0FCFACE80F000FCFACE80F000FCFB9
:10665000ACE80F0097E80F008CE80F003E4B0127D5
:10666000C5F834314FF4FA73A5F838314FF420638C
:106670003A46A5F83C31802185F850712846B0474C
:106680003A468146FF212846B047002249EA0009E0
:1066900011462846B04744EA090464B291210443F4
:1066A0000DF106022846C0479DF8063064B23A460E
:1066B00085F83A31002104432846B04764B20022ED
:1066C000FF2104432846B04764B2044300228021DE
:1066D0002846B04764B220430024204F40B268BB34
:1066E000A1B2012228460134B847062CF7D128BBB5
:1066F00004460246688504212846B847F0B9024698
:1067000005212846B847C8B94FF490134FF480428A
:106710006B6301212846124B984778B94FF40C134C
:10672000FF22C5E90F300121284685F83021B04706
:10673000012385F8323108B985F8154113B0BDE859
:10674000F08300BF0000000000000000856B010026
:10675000A470090000000000640084030000000031
:10676000000000000000000010B4034C0123A44608
:106770005DF8044B604700BF000000002DE9F042C7
:106780008EB00C460C231421404E04AA0546B04797
:106790008446002860D1BDF81620BDF81830BDF839
:1067A000121052BA5BBA92B29BB249BA5B02520261
:1067B0002361A182A07520606060E260BDF81A606C
:1067C000B5F8520176BAB0F57A7F8BB295F831718F
:1067D0009DF81010B6B20AD070434FF47A7600F5E7
:1067E000FA70B0FBF6F02E7F002E39D186B2002F62
:1067F00040D0B001C0B2B608E0750DF10F0026819F
:10680000CDE90040224E2846B047844620BB9DF883
:106810000FE005F1500684F818E007AF0FCE0FC760
:1068200096E80700E37D87E80700D4E90301A28A20
:10683000CDE90A01D4E90149CDE90849503507AC51
:10684000ADF830208DF833308DF834E00FCC0FC523
:1068500097E8070086E8070060460EB0BDE8F082C2
:106860002E8C5E43B2EB262F4FEA262C04D157B96B
:1068700048F6E0260020BFE780B25043A2EB0C06AA
:10688000B0FBF6F0B2E742F2B826B2E70000000033
:10689000000000002DE9F34117460E21DFF8388093
:1068A0000DF106021D460646C0470A4CBDF80630EB
:1068B00004EA43433B6048B90C2130460DF106021F
:1068C000C047BDF8063004EA43442C6002B0BDE87E
:1068D000F08100BF0000FE1F00000000F7B590F837
:1068E000DA300546013B022B0C4631D801AB6A4633
:1068F0000121184EB047009B0746B3F57F0F03D820
:10690000019BB3F57F0F20D9FFB934B12846124956
:10691000124B03B0BDE8F0401847114E0422FF218E
:106920002846B0473A46044670212846B0473A46C2
:10693000FF2104432846B04764B23A46044380210D
:106940002846B04764B2044367B2384603B0F0BD8E
:106950000027FAE70000000000000000000000002F
:106960000000000073B504462E4D01228021067CF4
:10697000A8470122FF212046A847002220461146B1
:10698000A847912194F83A212046A84701220021E6
:106990002046A8470022FF212046A8470022802148
:1069A0002046A847012E20D0032E2DD09EBB0122C9
:1069B00031462046A84701238DF8073098B905468F
:1069C000194E9DF807300135DB0708D538B9C82DB9
:1069D00024D001460DF107022046B047F1E7C82D4B
:1069E00008BF6FF0060002B070BD18B931462046EE
:1069F0000E4B9847022200212046A8470028F2D1DA
:106A0000042384F83231EEE718B901212046074B00
:106A100098470422EFE76FF00700E4E76FF0060005
:106A2000E1E700BF000000000000000000000000DF
:106A300038B5057C044625B12046074B984728B158
:106A400038BD064B98470028F6D0F9E7002DF7D15E
:106A5000032384F83231F3E7000000000000000057
:106A60002DE9F34105464FF00008164E164F01225E
:106A70000B212846B047002204460B212846B04788
:106A8000132104430DF107022846B8479DF807304B
:106A900064B2044308F101085B0760B25FFA88F84A
:106AA00007D0B8F1030F0AD00028E0D002B0BDE84B
:106AB000F081B8F1030F08BF6FF00B00F6E76FF03D
:106AC0000B00F3E70000000000000000002370B599
:106AD0000374084B04460D46984750B92946204692
:106AE000054B984728B90146044B2046BDE8704045
:106AF000184770BD0000000000000000000000000A
:106B0000152970B5054616461C4659D13B4E012243
:106B1000FF21B0470022044611462846B047002214
:106B2000FF2104432846B04764B201228021044378
:106B30002846B04764B20222852104432846B04764
:106B400064B20422FF2104432846B04764B2002205
:106B5000CD2104432846B04764B21122CC2104431E
:106B60002846B04764B20722FF2104432846B047B5
:106B700064B20022BE2104432846B04764B2062214
:106B8000FF2104432846B04764B20922CC210443C4
:106B90002846B04764B20022FF2104432846B0478C
:106BA00064B20122FF2104432846B047002264B2A8
:106BB000044311462846B04764B2204340B270BD3A
:106BC000042A17D80A210D4B98470028F7D1231E15
:106BD00018BF0123EF2284212846094C1B01A0473E
:106BE0000028ECD185F8DA600146064B2846BDE85E
:106BF000704018476FF00A00E1E700BF0000000096
:106C000000000000000000000023F0B5054695B02C
:106C1000ADF806308DF803308DF804300293012171
:106C20005D4B984795F81421012A06D895F8131161
:106C300040F0A980202940F2A8802846574B01AA9D
:106C400002A998470446002840F09A8095F85031F0
:106C5000002B40F09E80D5F84C112846504B9847A9
:106C60000446002840F08C80034601464D4C042227
:106C70002846A0470446002840F082800122FF21D8
:106C8000494F2846B84784210646484B0DF1060275
:106C90002846984722460643FF212846B84776B241
:106CA000064374B2002C6BD1BDF8063028461B0198
:106CB000C5F8D43004A93E4B9847044600285FD15C
:106CC00028463C4B0DF1030198470446002857D154
:106CD0009DF8033005F1100604AC85F831310FCC76
:106CE0000FC60FCC0FC60FCC0FC694E80F0086E876
:106CF0000F0001212846304B0DF10302984704464E
:106D000000283DD19DF80330024601462B4E28460F
:106D100085F83031B047044690BB02460221284630
:106D2000B047044660BB03230146254E284685F83C
:106D300032310DF10502B047044608BB9DF805301D
:106D40000121284685F8E8300DF10502B0470446D8
:106D5000B0B99DF80530032128461A4E85F8E03079
:106D600003AAB047044658B9039B04212846C5F836
:106D7000E43003AAB047044610B9039BC5F8DC30E1
:106D8000204615B0F0BD0C2955E728460E4B984714
:106D900058E70E4961E700BF000000000000000056
:106DA00000000000000000000000000000000000E3
:106DB00000000000000000000000000000000000D3
:106DC00000000000000000000000000000000000C3
:106DD00013B5094B0C460DF10702132198479DF896
:106DE000073013F0180F18BF6FF0050003F007020B
:106DF000226002B010BD00BF0000000013B590F883
:106E0000DA300C46042B0BD10B4B01A99847019BA0
:106E1000042B01D1012300E00023237002B010BD38
:106E20001421064B01AA98470028F7D19DF8043099
:106E3000DB07EFD42070F1E7000000000000000045
:106E4000004B184700000000064A1368591C1160E7
:106E500033B9054A0549C2E9073311601376536215
:106E6000704700BF000000000000000000000000AC
:106E700008B5044A1368013B136013B90248034B79
:106E8000984708BD000000001C0000000000000042
:106E900013B50B4B0C460DF106022821984768B933
:106EA000BDF80620C2F30B0312F4006F4FF0FA0294
:106EB00018BFA3F5805313FB02F3236002B010BD8B
:106EC00000000000F0B54FEAD20C4FF0FF346646E8
:106ED00000271C6002F007028E4200D207B1F0BD0D
:106EE00066450CBF15463D46845D04BF1441E4B2BF
:106EF00014F0010704D005EBC6051D600136EBE771
:106F00000135082D4FEA5404F2D1F7E7034B80090D
:106F100053F82000003818BF01207047000000001F
:106F2000B1EBD20F02F0070310B54FEAD20483BFD2
:106F300001229A40035D6FF0310082BF1343035575
:106F4000002010BD10B4044C0A46A4460623B0210C
:106F50005DF8044B604700BF0000000010B4044C13
:106F60000A46A4460623B0215DF8044B604700BFE3
:106F7000000000002DE9F04F0746884692461C4667
:106F8000002585B0109EDFF888900196119B9D42E8
:106F900016D1129B21461E603846194B9847E8B916
:106FA000184B384602A998470E9A02ABA218944291
:106FB00014D014F8015B13F8011B8D42F7D00BE0DD
:106FC000324650460E9901ABC847DDF804B0BBF11C
:106FD000FF3F06D1129B1E606FF0310005B0BDE887
:106FE000F08F0F9B0BEB0300074B98474045F1D107
:106FF0005A462046054B98470BF101060135C5E777
:107000000000000000000000000000000000000080
:1070100000000000F0B5C0220F4689B00121124ED9
:10702000044690F83051B047D8B920460F4B01A91B
:107030009847B0B90122FF212046B04788B93A46A7
:10704000B62120460A4B984758B90246FF212046F0
:10705000B04730B92A4601212046B04708B984F824
:10706000305109B0F0BD00BF00000000000000007A
:1070700000000000F0B50F461646FF210122214D09
:1070800089B00446A847024688B94F212046A84740
:1070900068B92C224E212046A847024638B9FF2164
:1070A0002046A84718B9B422B6212046A847002593
:1070B000C4F82451A4F8285146B1134A05F1B4008C
:1070C000904720B92C2D02D00135F7E7354607ABA4
:1070D000B422CDE9037306230295CDE9003231468F
:1070E00020460A4D04F5927304F59572A84730B90D
:1070F000012384F8137184F8153184F8146109B000
:10710000F0BD00BF00000000000000000000000013
:1071100070B541F001020B4D00210446A84778B933
:107120002046094B984758B90146084B20469847D6
:1071300030B9024601462B462046BDE8704018474C
:1071400070BD00BF00000000000000000000000053
:107150002DE9F04F002785B0304E89469046FF213B
:107160000122054601939DF840B09DF844A08DF89A
:107170000F70B0473A46044639462846B0473A466B
:107180000443FF212846B04764B2044364B2B9F116
:10719000000F2FD0BBF1000F06D0CB2128460E9A4E
:1071A0001F4B9847204344B2BAF1000F07D0EE219D
:1071B00028461B4B0DF10F029847204344B2012291
:1071C000FF212846B0470122002104432846B0474A
:1071D00064B20022FF2104432846B04764B29DF800
:1071E0000F300F9A204323F0100340B2137005B004
:1071F000BDE8F08FBBF1000F05D04246CB212846F9
:10720000B047204344B2BAF1000FD8D08022EE211B
:107210002846019B034FB847CFE700BF000000009E
:1072200000000000000000002DE9F04F154600228C
:1072300087B006468A461F468DF8172023B390F87C
:107240003081012230461146DFF87490C847044669
:107250008346F0B940213046174B98470446A8B9F9
:10726000012D1AD10DF11703CDE90250024629462E
:10727000CDE900A3114D03463046A84778B1044636
:10728000204607B0BDE8F08F9846DAE78AF800B0EC
:10729000F6E700238AF80030F2E78AF80000002FB2
:1072A000EED0424601213046C84704460028E7D1C7
:1072B00086F83081E4E700BF000000000000000015
:1072C000000000002DE9F04F06468A4615461F468D
:1072D00087B02BB390F83081022201213046DFF8CD
:1072E0007890C84704468346F8B90146184B3046A3
:1072F00098470446B0B9012D1BD10DF11703CDE914
:107300000205024629460093124D0346CDF804A01B
:107310003046A84778B10446204607B0BDE8F08F54
:107320009846D9E78AF800B0F6E700238AF80030DB
:10733000F2E78AF80000002FEED0424601213046E5
:10734000C84704460028E7D186F83081E4E700BF4B
:107350000000000000000000000000002DE9F041E6
:107360001D46164600232A46DFF83480044690F86E
:107370003071C04770B903462A4631462046064D53
:10738000A84738B93A4601212046044B984708B926
:1073900084F83071BDE8F0810000000000000000BA
:1073A0000000000000232DE9F04F93B0CDE90A1250
:1073B0008A4E0122FF21C0F82431A0F82831054669
:1073C000CDE90E33B0F83C818DF834308DF835308E
:1073D000B0470446002840F0E18002464F2128468D
:1073E000B0470446002840F0D9802C224E21284680
:1073F000B0470446002840F0D1800246FF212846CD
:10740000B0470446002840F0C980B422B62128467F
:10741000B0470446002840F0C1800246802128463B
:10742000B0470446002840F0B98003466C4C28461B
:107430000DF135020DA9A0470446002840F0AE80AA
:1074400005F5957307930323B421CDE902030623C1
:1074500005F5927B0EAFCDE90031DFF89C91014636
:107460005B462846049705F59572C84704460028F0
:1074700040F0948028465B4B0DF136010E9E9847F4
:107480000446002840F08A80BDF8363043454CD988
:10749000554AC5F82401A5F8280106F1B400904723
:1074A00008B92B2E0FD90623B42204970327CDE960
:1074B000003201215B462846CDE90267079AC8479A
:1074C00018B104466AE00136E7E72846454B0DF15E
:1074D00036010E9E98470028F3D1BDF8363043455B
:1074E00063D84FF0010A984572D90327A3EB08032C
:1074F00083EAE372A2EBE3725FFA8AF9089205F578
:107500009273D5F824010993B5F8283132461090CA
:10751000364EADF8443006210FAB0798B0470F9EAA
:10752000731C05D16FF03100CBE74FF0000ADAE7AA
:107530007B1C099306F1B4002B4B98475045F1D1C1
:10754000324658462A4B98470028EBD159462846E0
:10755000284B013698470028B3D12846214B0DF11E
:10756000360198470028ACD1BDF83620A2EB0803BD
:10757000002BB8BF5B42424514D9089A9A422BD2DD
:107580001C4B284610A998470346BDF84420109884
:10759000A5F82821C5F824014BB11C46204613B09C
:1075A000BDE8F08F099F0893A9E74FF001090A9BF6
:1075B0001F600B9B83F80090012385F815310A9B0F
:1075C0001B6885F813310B9B1B7885F81431E5E7B0
:1075D0004FF000094F46EAE7099FE8E70000000086
:1075E000000000000000000000000000000000009B
:1075F000000000000000000000000000064A1368C0
:10760000591C116033B9054A0549C2E907331160B5
:1076100013765362704700BF0000000000000000B6
:107620000000000008B5044A1368013B136013B959
:107630000248034B984708BD000000001C000000F2
:10764000000000000023F7B50446C8250A4F0B4E82
:107650008DF8073020460DF10701B84750B99DF865
:107660000730012B06D0013D02D02046B047F1E79C
:107670006FF0060003B0F0BD000000000000000045
:1076800002464FF08043934202D8002013B970475E
:107690009B08F8E7C11891424FEA50009CBFC01800
:1076A000521A9B08F2E700002DE9F34100228321E2
:1076B000104E0546B047044690B90746DFF83880BB
:1076C000832128460DF10702C0479DF80730044684
:1076D0000343DBB223B90137C82FF1D16FF00604A1
:1076E000012283212846B047204340B202B0BDE8C2
:1076F000F08100BF00000000000000002DE9F04F05
:107700004FF0000890F8F06093B0072E05468B46C6
:10771000CDE9098800F07F82CC4F01228021B84753
:1077200001220446FF212846B84742464146044309
:107730002846B84764B20622FF2104432846B847CA
:1077400064B2C34B832104430DF11D0228469847C0
:107750009DF81D2064B28321044342F004022846B0
:10776000B84764B20722FF2104432846B84764B2F1
:107770000122812104432846B84764B2B54B044333
:107780002846984764B20443012280212846B8471E
:1077900064B204431BF0010364B2039300F03F8220
:1077A000F30700F140826B2294212846B847DFF8A6
:1077B000A88281462846C04749EA0009902144EA48
:1077C000090408AADFF894922846C847089B64B2C7
:1077D000C3F306229421C3F3C03304430192284625
:1077E00024220093B84764B204432846C04764B2D9
:1077F0009021044308AA2846C847089B64B21BBAD4
:1078000025229421044328460B93B84764B20443CD
:107810002846C04764B2044308AA90212846C847B6
:10782000089B64B21A0E04431B0C64B28DF830201E
:107830008DF831301BF00203049300F0E68016F05F
:10784000020940F0E280DFF80482022294212846F7
:10785000C047814F82462846B8474AEA000A90212D
:1078600044EA0A040DF11E02DFF8E4A12846D047DD
:1078700064B27B22942104432846C04764B2044387
:107880002846B84764B2902104430DF11F022846F0
:10789000D04764B27722942104432846C04764B29B
:1078A00004432846B84764B244EA000A90216B4C6E
:1078B00008AA2846A047089B4FFA8AFA5A0E8DF864
:1078C0003420C3F386428DF83520C3F3C6228DF8E9
:1078D0003620C3F30612DB0003F0780394214AEA52
:1078E000000A8DF83720284678228DF81D30C047D1
:1078F0004FFA8AFA4AEA000A2846B8474FFA8AFA43
:1079000090214AEA000A08AA2846A047089B9DF849
:107910001D204FFA8AFA02EB53728DF83820C3F318
:1079200086528DF83920C3F3C6328DF83A20C3F35E
:1079300006228DF83B20C3F346029B0103F040036F
:1079400094214AEA000A8DF83C20284679228DF8D5
:107950001D30C0474FFA8AFA4AEA000A2846B8475B
:107960004FFA8AFA90214AEA000A08AA2846A04754
:10797000089B9DF81D204FFA8AFA02EB93628DF85E
:107980003D20C3F3C6428DF83E20C3F306328DF886
:107990003F20C3F346129B0003F07C0394214AEA84
:1079A000000A8DF8402028467A228DF81D30C04705
:1079B0004FFA8AFA4AEA000A2846B8474FFA8AFA82
:1079C0004AEA000A08AA90212846A047089B9DF889
:1079D0001D204FFA8AFA02EB93728DF84120C3F30F
:1079E000C6528DF84220C3F306424AEA000A8DF8D7
:1079F0004320C3F34622C3F386034FFA8AF48DF87B
:107A000044208DF845308DF846901BF00403029316
:107A100000F00D81700700F10A81DFF830A07B22B1
:107A200094212846D047DFF8309007462846C847BB
:107A3000DFF828800743902109AA2846C0473C4325
:107A400064B27C2294210443284609E0000000002F
:107A50000000000000000000000000000000000026
:107A6000D04764B204432846C84764B29021044317
:107A70000AAA2846C04764B27322942104432846C8
:107A8000D04764B204432846C84764B290210443F7
:107A900008AA2846C04764B27422942104432846A9
:107AA000089FD04764B204432846C84764B2902177
:107AB000044308AA2846C0473F029DF8233064B219
:107AC000752294210443BFB228461F43D04764B2B5
:107AD00004432846C84764B29021044308AA2846B4
:107AE000C047089B64B21B029BB2762294210443D8
:107AF00028460593D04764B204432846C84764B279
:107B000004439021284608AAC04764B29DF82390F8
:107B1000059B044364B249EA0309DFF8208100228F
:107B200081212846C0470622FF2104432846C0473A
:107B300064B2404B832104430DF11D02284698474F
:107B40009DF81D2064B28321044302F0FB02284605
:107B5000C04764B20122FF2104432846C04764B2F3
:107B60000122002104432846C04764B20022FF21BD
:107B700004432846C04764B20443002280212846BB
:107B8000C04764B2204340B2002845D1039B73B183
:107B9000F1070CD4019B0B9885F81331009BC5F8B5
:107BA0002A0185F81431BDF83030A5F82E31049B38
:107BB00073B1B2070CD49DF81E300DA985F8F130D1
:107BC0009DF81F3005F1F30085F8F2301A4B984705
:107BD000029BE3B173071AD4099B7F02C5F81831E1
:107BE0000A9BC5F82071C5F81C31B9F1000F0BD004
:107BF0004FF47A73A9F5C85903FB09F94FEA19192B
:107C0000C9F100091FFA89F90FFA89F3EB6046EA16
:107C10000B0685F8F060002013B0BDE8F08F039BE1
:107C20000093019306E64346CDF80080F9E700276C
:107C3000B94672E7000000000000000000000000EC
:107C400040B100230138FF2803F1010203D800EB03
:107C5000032080B2704713464008F4E7C3B2000A1D
:107C600003FA00F0013070474FF4FA60074B5A43B3
:107C70004FF47A7302F5FA72B2FBF0F0B2FBF3F252
:107C800003FB0100B0FBF2F0704700BF002F3A0089
:107C90004FF47A7010B54FF4FA64064B5A4302F56C
:107CA000FA72B2FBF0F3B2FBF4F201FB0322B2FB77
:107CB000F0F010BD002F3A002DE9F043002585B00B
:107CC0000229074616468DF80350ADF804501CD81B
:107CD0002946394B0DF102029847044630B9462136
:107CE0003846364B0DF10302984704469DF80300D1
:107CF000334B984781B29DF802203846314B984764
:107D00003060204605B0BDE8F083032918D129462C
:107D1000DFF8A4800DF10202C0470446002845D1D7
:107D200001460DF102023846C047044628B95121E8
:107D30003846254B01AA98470446BDF80400D7E70A
:107D4000042935D1214B02A998479DF80B30DFF863
:107D500068903BB3294638460DF10202C8470446F5
:107D600010BB194B5121384601AA9847144B0446C1
:107D7000BDF80400984785B2B4B9012138460DF129
:107D80000202C847044678B90F4B712138460DF1FD
:107D9000060298470A4B0446BDF80600984780B291
:107DA000401BA7E71D46E8E70020F9E72846A7E7BC
:107DB00028462C46A4E700BF000000000000000099
:107DC00000000000000000000000000000000000B3
:107DD00002292DE9FF41054616461FD80021414BD7
:107DE0000DF1050298470446A0B99DF805203146DB
:107DF0003D4B2846984783B2B3F5807F8EBFFF2264
:107E000000F1FF32D2B246212846384BA5F8D820DF
:107E100098470446204604B0BDE8F08103291FD1ED
:107E20000021304B0DF1050298479DF805202E4B9F
:107E300004463146284698472D4B80B29847024663
:107E4000ADF80600A5F8D800002CE3D15121284652
:107E5000284B984704460028DCD1C5F8E460D9E7F0
:107E600004293BD1244B02A998479DF80B70DFF8F9
:107E70007480AFB1002128460DF10502C0470446C9
:107E80000028C7D1512128461C4B0DF10602984706
:107E900004460028BED1BDF80600194B984787B2AA
:107EA000012128460DF10502C04704460028B1D142
:107EB0009DF8052031460C4B2846984717FA80F06C
:107EC0000B4B80B29847712102460A4B28469847CF
:107ED000044600289ED1C5F8DC609BE76FF00304E0
:107EE00098E700BF00000000000000000000000054
:107EF0000000000000000000000000000000000082
:107F0000000000002DE9FF4100238DF80330D30766
:107F100005460F46164605D449B9A2F10C03DAB25C
:107F2000062A13D96FF0030004B0BDE8F0810129DF
:107F30001FD1A2F10803DAB2062AF3D8062B18D80B
:107F4000DFE803F036175F177D178F00062B10D878
:107F5000DFE803F0040F280F2A0F2C001822572106
:107F60002846664CA047082256212846A0470028EC
:107F7000DAD17408013CE4B2002F00F08480012FB4
:107F8000D0D1042128465E4B01AA984738B9224631
:107F900070212846594B9847002800F0A68085F8A4
:107FA000E060C1E73022DAE74022D8E75022D6E786
:107FB000DFF8488110224821C0470822472128467F
:107FC000C0470222044632212846C0470C223021F5
:107FD00004432846C04764B201220443FF212846D7
:107FE000C047302264B2044364B230212846C047FF
:107FF00000220443FF212846C04764B2204340B218
:10800000B5E7DFF8F88028224821C0470822472139
:108010002846C0470322044632212846C047092289
:10802000044364B230212846C04701220443FF21A3
:108030002846C04764B20443202264B2D5E7DFF883
:10804000BC8038224821C047082247212846C04723
:108050000322044632212846C0470443082264B262
:10806000E0E74822DFF894801146C0470822472104
:108070002846C0470322044632212846C04704430D
:10808000072264B2CEE7032128461D4F02AAB84753
:1080900080B90221284603AAB84758B92246502180
:1080A0002846164B984728B903212846029A154CB2
:1080B000A04710B185F8E86036E702212846039A08
:1080C000A04785F8E86000287FF42EAF284669694C
:1080D0000D4B984700287FF427AF0246012328461E
:1080E0000A4C0DF10301A0471EE704212846019A1E
:1080F000044B984785F8E060E5E700BF000000000A
:10810000000000000000000000000000000000006F
:1081100013B5144629B1012910D06FF0030002B045
:1081200010BD50210DF10702064B98470028F6D1EB
:108130009DF8073001335B002370F0E770210DF1EB
:108140000702F1E70000000000234FF4FA62F0B5E7
:1081500085B0CDE9002344F61F63994206460F46D9
:1081600004D86FF00305284605B0F0BD2A4B02A9DC
:10817000984705460028F6D19DF809209DF808305B
:10818000A7F6E80413439DF80A2013431BD06A4660
:1081900002213046214B984700283BD19DF80830FA
:1081A0002BB1009B03F24E239C42DAD9E41A9DF8CE
:1081B0000A3023B3009B03F2B223B4EB430F4FEA20
:1081C0004302CED9A41A9DF80B305BB1134B0321A7
:1081D000304601AA9847019B03F525739C42C0D9FC
:1081E000C0B9E41A9DF80C30002BBCD004213046F5
:1081F0000B4BA4F22622984777610546B3E79DF81A
:108200000930002BDFD0009B03F525739C42A8D9D1
:10821000E41AD8E70546A6E70000000000000000C9
:10822000000000004FF4FA62002370B586B0CDE97B
:10823000022340F636330C460B602D4B04A906464C
:1082400098470546002836D19DF811209DF810303A
:1082500013439DF81220134319D002213046254BB9
:1082600002AA9847002840D19DF810302BB1029BFC
:1082700003F24E222368134423609DF81230EBB1C1
:10828000029B03F2B222236803EB420323609DF8B2
:108290001330EBB99DF814305BB1164B01AA0421E1
:1082A00030469847019B03F226222368134423603B
:1082B000D8B923687361284606B070BD9DF81130A7
:1082C000002BE4D0029B03F5257223681344DDE7FD
:1082D000084B03AA032130469847039B03F52572F8
:1082E0002368134423600028D4D00546E3E700BF89
:1082F00000000000000000002DE9F74F00240646B2
:108300000D4620462A4FDFF8AC8015F804B0BBF1CB
:10831000000F00D010B103B0BDE8F08F04F10109E7
:10832000BBF1FF0F15F809A02FD104F1020915F8D0
:108330000930BAF1030F38D8DFE80AF0020C151E35
:1083400004F104092C44E27802EB0323A6F834314B
:108350004C46DAE704F104092C44E27802EB0323EB
:10836000A6F83631F4E704F104092C44E27802EB74
:108370000323A6F83831EBE704F104092C44E27832
:1083800002EB0323A6F83C31E2E7BBF1040F0CD863
:1083900002345A46291901A8B8475B46514630466F
:1083A00001AA04EB0B09C047D2E76FF00300CFE747
:1083B0000000000000000000002373B50E461360AB
:1083C0000DF10701074B05461446984740B99DF843
:1083D00007302BB1B38A2A6A534380331B0A2360C8
:1083E00002B070BD0000000013B5CB6814461360E6
:1083F000044B01AA984718B92368019A13442360D3
:1084000002B010BD000000002DE9F041B0F8545159
:10841000D0F858010E46DDE9071768438030000A9E
:108420001446454352B1B60206EB5202B2FBF4F2D7
:1084300002EB4202524302F50042140C0620069A57
:108440004FF47A78534301F50042120C0332B2FB29
:10845000F0F2C2EBC202B2F5803F3CBF0331B1FB88
:10846000F0F103F500433CBFC1EBC10101F5004150
:108470004FEA134338BF090C03FB03F334BF4943EE
:10848000174903EB57030B44B3FBF7F3FE229B039F
:108490007F33B3FBF2F35C4304F5FA74B4FBF8F4F6
:1084A00005F12000240104F5FA740E4F8009B84745
:1084B000444521BF4FF4FA63B4FBF3F3B4FBF8F483
:1084C0005B1906462CBFB3FBF4F00020B847099BAC
:1084D000864294BF1E6018600020BDE8F08100BF96
:1084E0000000F0FF000000002DE9F04F05460F46A8
:1084F00091B0CDE906230B690FAA0893CB680A93C4
:108500006E4B9847394628466D4B0EAA9847049003
:1085100038BB4FF47A760F9C95F8E0A006FB04F088
:10852000803400F5004024F0FF020590D5F8DC30DF
:1085300009920F92059ABAF1080F0C930CBF02230F
:108540000323120CD5F8E41095F8E8C00E980B92AE
:108550000BD15C4B069A1360C5F84031049A079B17
:108560001A60049811B0BDE8F08F06FB00FB62466C
:10857000BBF5481FDFF86491284628BF4FF4481B1D
:108580000D93C84752460C9980462846C8470D9B14
:10859000804403FB08F84FEAC82808F5FA78B8FBCE
:1085A000F6F840F2776303FB08F808F5FA78B8FBB1
:1085B000F6F8240A08FB04F404F18002089C424BFC
:1085C00074431C400B9B4149B4FBF3F4120A8C42E8
:1085D00028BF0C46012A38BF01220C204FF4167127
:1085E000DFF8FCA050434C43D047059A8146364BF8
:1085F000388937491A40484341F25C211346A2EBBF
:108600000B02B0FBF1F102F5FA720BF5FA70B2FB56
:10861000F6F21844B0FBF6F01202B2FBF0F64FF49B
:1086200048703602C6F580364E4306F50046760C95
:1086300006F500467643B60B704304F500431B0C69
:108640005B4300F50040000C00FB0030D047642382
:1086500000043230B0FBF3F04FEA4909B0FBF9F9FE
:1086600040F6B53341F2883003FB0900194B9842BC
:1086700096BF42F210734FF47040B0FBF3F041F23A
:10868000041300FB0030D047DDE909124FF47A7380
:1086900058430C4B984228BF1846069B1860079B0E
:1086A000C5F84001CDE902834FF44873019400936B
:1086B00028463346084CA04753E700BF000000009F
:1086C00000000000AE878F020000FFFF66666600B4
:1086D0009A9906000F279F24000000000000000068
:1086E000000000002DE9F04F994600238BB08DF873
:1086F0000E308DF80F308DF810308DF81130ADF848
:10870000123009934FF2A103C1F3C30823FA08F30F
:10871000174603F001030122FF21724D0446159E06
:108720000193A84728B9B62120466F4B0DF11202DC
:108730009847BDF812A04FEA4A2A002800F094801A
:10874000C4F848A19DF80E50D5B1002840F09C8097
:1087500020461499654D09AB05AAA847002840F0AA
:108760009380099B149A014653812046604B06AAC8
:108770009847069D25B1059B9D422CBF00250125EC
:1087800020B9022120465B4B04AA98479DF810B0FF
:10879000BBF1000F0FD000287AD1554B02212046A3
:1087A00007AA9847079B002B70D053452CBF4FF06A
:1087B000000B4FF0010B28B9032120464D4B0DF162
:1087C000110298479DF811A0BAF1000F14D00028AB
:1087D00040F08280B9F1000F5DD03F02B7FBF9F79E
:1087E00008AA03212046424B9847089ABA4294BFF0
:1087F0004FF0000A4FF0010A20B9019B002B4CD02A
:10880000FF22327032780AB9149B5A810121204626
:10881000384B0DF10F02984718BB9DF80E20002A27
:1088200008BF45F00105B8F1040F17BF9DF80F20F0
:108830000122B2FA82F2520984F82F209DF810200A
:1088400084F82E50002A14BF5B464BF0010384F8D5
:1088500030309DF81130002B08BF4AF0010A84F82F
:1088600031A00BB0BDE8F08F0246FF212046A8479B
:10887000C4F848A100287FF465AF01461D4B20468F
:108880000DF10E0298475DE700257FE79B4692E7D2
:108890004FF0000B96E74F46A2E708F1FF32092A96
:1088A0000AD8DFE802F0050505090907090C070CDD
:1088B0000522A6E70422A4E7BBF1010F01D10322A0
:1088C0009FE7B8F1040F02D0BAF1010F01D10222E3
:1088D00097E7012D03D135704FF0000A92E700228F
:1088E0003270F9E700000000000000000000000006
:1088F0000000000000000000064A1368591C1160C7
:1089000033B9054A0549C2E907331160137653624A
:10891000704700BF000000000000000000000000E1
:1089200008B5044A1368013B136013B90248034BAE
:10893000984708BD000000001C0000000000000077
:10894000064A1368591C116033B9054A0549C2E942
:108950000733116013765362704700BF00000000B8
:10896000000000000000000008B5044A1368013B45
:10897000136013B90248034B984708BD000000007C
:108980001C00000000000000F8B50F460B4B022150
:10899000064614469847054640B996F8F120084B1C
:1089A00004F1400022B907493D7098472846F8BDB8
:1089B00096F8F22006F1F3013A70F6E700000000A5
:1089C00000000000E001000073B50A460C46194B98
:1089D0000DF1070106469847F0B99DF80730164D8E
:1089E000E3B916492046A847154904F12000A847D5
:1089F000C0213046134D04F16002A84760B9C2217E
:108A000030460DF10602A847012384F861309DF835
:108A100006301B0984F8623002B070BD222B03D8E7
:108A2000202B03D00849DDE7262B01D80749D9E7D9
:108A30000749D7E7000000000000000054010000D3
:108A40008D01000000000000600100006C010000CA
:108A500078010000024608B508460C4B052A12D8DA
:108A6000DFE802F00307090B0D0F094998470020C2
:108A700008BD0849FAE70849F8E70849F6E7084950
:108A8000F4E70849F2E70849F0E700BF00000000FA
:108A900095010000A1010000AC010000B801000038
:108AA000C7010000D201000000000000064A136860
:108AB000591C116033B9054A0549C2E907331160F1
:108AC00013765362704700BF0000000000000000F2
:108AD0000000000008B5044A1368013B136013B995
:108AE0000248034B984708BD000000001C0000002E
:108AF00000000000F8B50F46069C1E46236801469C
:108B0000DB6A2046154698472368394620461B688D
:108B100098472E44B542236804D120465B6B9847A2
:108B20000020F8BD20461B6815F8011B9847F1E7A7
:108B30002DE9F04188461D460746069C01462368FC
:108B40002046DB6A16469847236841461B68204644
:108B50009847236820465B6B98472368EAB23946FA
:108B60002046DB6B98473544AE4202D10020BDE879
:108B7000F081236820465B69984706F8010BF3E70C
:108B80001FB5054C8DF80F2000930DF10F02012346
:108B9000A047002004B010BD000000001FB552BA6D
:108BA000ADF80C200093034C022303AAA047002039
:108BB00004B010BD0000000013B5034C0093012366
:108BC000A047002002B010BD0000000030B585B005
:108BD00014460093054D022303AAA8470020BDF8C0
:108BE0000C305BBA238005B030BD00BF0000000030
:108BF00030B585B014460093044D042303AAA8475A
:108C00000020039B1BBA236005B030BD00000000AC
:108C1000064A1368591C116033B9054A0549C2E96F
:108C20000733116013765362704700BF00000000E5
:108C3000000000000000000008B5044A1368013B72
:108C4000136013B90248034B984708BD00000000A9
:108C50001C0000000000000037B5D0F860513F2B29
:108C6000009590F85C01064D8CBF6FF00304002462
:108C7000A84700280CBF20466FF0130003B030BD9A
:108C80000000000037B5D0F860513F2B009590F8F8
:108C90005C01064D8CBF6FF003040024A847002838
:108CA0000CBF20466FF0130003B030BD0000000081
:108CB00010B5064CD0F8603190F85C01A047002850
:108CC00014BF6FF01300002010BD00BF00000000B3
:108CD00010B5064CD0F8603190F85C01A047002830
:108CE00014BF6FF01300002010BD00BF0000000093
:108CF0002DE9F74390F85C81064614461D46DFF8DF
:108D00004090D0F860310DF1070240460F46C84749
:108D100020B16FF0130003B0BDE8F0839DF8073079
:108D200039461C4045EA04024046D6F86031034CFF
:108D30008DF80720A0470028EDD0EAE700000000EA
:108D40000000000010B5064CD0F8603190F85C01CE
:108D5000A047002814BF6FF01300002010BD00BF13
:108D60000000000010B5064CD0F8603190F85C01AE
:108D7000A047002814BF6FF01300002010BD00BFF3
:108D80000000000010B5064CD0F8603190F85C018E
:108D9000A047002814BF6FF01300002010BD00BFD3
:108DA00000000000002382B00193019BF92B02D93F
:108DB000002002B0704700BF019B0133F4E70000C0
:108DC000064A1368591C116033B9054A0549C2E9BE
:108DD0000733116013765362704700BF0000000034
:108DE000000000000000000008B5044A1368013BC1
:108DF000136013B90248034B984708BD00000000F8
:108E00001C000000000000000020704708B5014B66
:108E1000984700BF000000007047000008B5014BF4
:108E2000984700BF0000000008B5014B984700BFFD
:108E30000000000008B5014B984700BF000000008B
:108E400008B5014B984700BF0000000008B5014B72
:108E5000984700BF0000000070B505460C46084664
:108E600049B1054B98472B68024621462846BDE884
:108E700070405B68184770BD0000000008B5014BEA
:108E8000984708BD0000000008B5014B984708BD91
:108E90000000000003681B681847000008B502497D
:108EA000024B984708BD00BF950700000000000076
:108EB00038B5044B05469847034B04462846984767
:108EC000204438BD0000000000000000004B18479F
:108ED000000000000023012A98BF0A22F0B58BB0E1
:108EE0000C468DF8243009A9B4FBF2F6274602FBA4
:108EF0001645EBB2092D94BF30333733DBB2BA429B
:108F0000344601F8013DEFD9014B98470BB0F0BD55
:108F1000000000002DE9F04107460E4614462AB92C
:108F2000BDE8F0410368C9B21B6818470A2ADFF898
:108F3000308005D1002905DB4346BDE8F0411847E4
:108F4000D2B2F9E7054B2D219847224605467142DA
:108F50003846C0472844BDE8F08100BF000000004B
:108F60000000000038B5044B05469847034B044603
:108F700028469847204438BD00000000000000004B
:108F800010B42AB902685DF8044B1268C9B21047E0
:108F9000024B5DF8044BD2B2184700BF000000003E
:108FA000004B18470000000038B5044B05469847B1
:108FB000034B044628469847204438BD0000000073
:108FC00000000000004B1847000000000B1E2DE9B8
:108FD000F74FB8BF022355EC104B074600932246CB
:108FE0002B4620462946DFF87CA1D04740B14E49A8
:108FF00038464E4B98478046404603B0BDE8F08F58
:1090000025F000494FF0FF3220464946484BD047F3
:1090100050B94FF0FF3220464946454BDFF84881B2
:10902000C04708B94349E3E74FF06042204629466C
:10903000414BDFF83881C04708B14049D8E74FF0CD
:10904000604220462946DFF828813D4BC047002872
:10905000F3D10022002320462946C04700285BD0D8
:10906000384B2D213846984705F1004380461D4670
:109070004FF0000900204FF0000A3349DFF8D8B064
:10908000009A5FFA89F3934209F1010946DB02462F
:109090000B46204629462D4CA0472D4B0D46044635
:1090A0009847DFF8D0B08146D847DFF8CCA00B4610
:1090B000024629462046D0470A2204460D46384635
:1090C0004946DFF8B890C847009B804423B1384632
:1090D0002049164B98478044009B013B0093013385
:1090E0008AD00022204629461B4B1C4CA047184B17
:1090F0000D46044698470A22014601903846C84763
:10910000019980440846D84702460B462046294626
:10911000D04704460D46DFE78046A9E752465B4646
:109120000F4EB047ACE700BF87070000000000000B
:10913000FFFFEF7F8B070000FFFFEF418F0700006D
:10914000FFFFEFC1000000000000E03F0000000052
:109150000000000093070000000024400000000011
:1091600000000000000000000000000000000000FF
:1091700000000000000000000000000000000000EF
:1091800038B5044B05469847034B04462846984794
:10919000204438BD000000000000000038B5094D33
:1091A0000446A847E060236820465B69984700288A
:1091B00007DAA847E368C01AA3689842F3D34FF0D0
:1091C000FF3038BD00000000816070472DE9F0419C
:1091D00007460D460C46DFF81C808E18B44202D1BB
:1091E000601BBDE8F0813846C047431CF8D004F846
:1091F000010BF3E70000000000230A6802604A68E0
:10920000C1E9003342608A688B6082607047000069
:1092100010B50446006808B1014B9847204610BDC0
:109220000000000010B50446006808B1034B9847E1
:109230000023C4E90133236010BD00BF000000001B
:1092400038B504460D460068034B0131984710B10C
:10925000C4E90005012038BD0000000010B5036816
:10926000044613B143688B4207D22046044B98470B
:1092700020B1A3680BB922681370012010BD00BF94
:109280000000000070B50B4B0E4611460446154613
:10929000984720B92046084B9847204670BD2A467B
:1092A0003146064B2068A560984700212268A368D4
:1092B000D154F2E7000000000000000000000000B0
:1092C00038B5002304460D46C0E90033836039B148
:1092D0000846044B984729460246034B20469847C8
:1092E000204638BD0000000000000000884238B56C
:1092F00005460C460CD0074B0068984723682B6046
:10930000A368AB6063686B600023C4E9013323602A
:1093100038BD00BF00000000884210B50B4604466F
:1093200004D0096821B19A68034B9847204610BDC4
:10933000024B9847FAE700BF000000000000000061
:10934000002310B50446C0E900338360014B984701
:10935000204610BD0000000010B50446014B9847A0
:10936000204610BD0000000038B505460C4649B146
:109370000846064B984721460246054B2846984723
:10938000284638BD034B9847FAE700BF00000000AD
:10939000000000000000000010B5002304468AB061
:1093A0000846C4E90033A36001A9044B984720464E
:1093B000034B01A9984720460AB010BD00000000E9
:1093C00000000000F8B5044616460F4609B9002013
:1093D000F8BD8AB18568094B15442946984700288D
:1093E000F5D0A3682068324618443946044B9847A4
:1093F00000222368A5605A550120E9E7000000001B
:10940000000000008A68014B09681847000000004E
:1094100007B5054B8DF8071001220DF1070198479C
:1094200003B05DF804FB00BF0000000003460068C5
:109430000A46096820B149B99B685BB1007870475A
:1094400031B1906838B1087840427047024B1847F4
:1094500008467047184670470000000008B58B6842
:1094600082689A4205D1044B9847B0FA80F04009CF
:1094700008BD0020FCE700BF0000000008B58268BE
:109480002AB959B10878B0FA80F0400908BD0068DF
:1094900009B90078F7E7024B9847F4E70120F5E7B0
:1094A00000000000F0B503468BB0084669B3911E7A
:1094B000222931D80A2A06D1002B04DA01265B4280
:1094C00001AD29460EE00026FAE7B3FBF2F402FBF9
:1094D00014372346092FFCB294BF30345734E4B21A
:1094E00001F8014B002BF0D1A942EED0034616B192
:1094F0002D2203F8012B1C460A46AA4207D84A1B14
:109500008D4288BF0022002199540BB0F0BD12F8A3
:10951000016D04F8016BF0E70020F6E7004B1847F7
:1095200000000000004B184700000000004B1847E7
:1095300000000000004B184700000000004B1847D7
:1095400000000000004B184700000000004B1847C7
:1095500000000000004B184700000000004B1847B7
:1095600000000000004B184700000000004B1847A7
:109570000000000040F2000CC0F2000C604740F216
:10958000000CC0F2000C604740F2000CC0F2000C6E
:10959000604740F2000CC0F2000C604740F2000C43
:1095A000C0F2000C604740F2000CC0F2000C6047B3
:1095B00040F2000CC0F2000C604740F2000CC0F218
:1095C000000C604740F2000CC0F2000C604740F213
:1095D000000CC0F2000C604740F2000CC0F2000C1E
:1095E000604740F2000CC0F2000C604740F2000CF3
:1095F000C0F2000C604740F2000CC0F2000C604763
:1096000040F2000CC0F2000C604740F2000CC0F2C7
:10961000000C604740F2000CC0F2000C604740F2C2
:10962000000CC0F2000C6047004B1847000000001F
:1096300008B5014B984700BF0000000070470000CC
:1096400038B5054B9847054B9847054B9847054D4E
:10965000054CA847A047FCE7000000000000000000
:10966000000000000000000000000000012838BFDA
:109670000120014B184700BF00000000004B1847B5
:109680000000000008467047004B1847000000002B
:10969000004B1847000000002DE9F04F154C164E06
:1096A000164FDFF85C8089B02546B54204F13004DE
:1096B00002D309B0BDE8F08F14ED027B54E90C0130
:1096C00054E90A2354E908CE54E9069A54F810BC28
:1096D0008DED067BCDE903ABCDE901E9CDF800C006
:1096E000B84754F8300C54F80C1CC04754F8303CC0
:1096F0005D65D9E7000000000000000000000000E8
:1097000000000000000000002DE9F04F0125064692
:109710000C460022484B8BB01B689D40013D474BD7
:109720004FEA650913F8011B8E4279D00132102AE5
:10973000F8D101213046424B9847A145ACBF0021EA
:10974000012130463F4B0BB0BDE8F04F18471801E0
:1097500038580133824508BF01319A42F7D150464B
:10976000394B9847394B504698470028E1D0002C98
:1097700054DDAC42A8BF2C4607EB08035A689E682C
:109780009B8957F8087002920793BB6838465B685C
:10979000029908AA984700283DDB089B4FF0FF3A42
:1097A0000493099BDFF8AC800593049B059AA6FB04
:1097B00003B306FB0233039358461DA3D3E90023EA
:1097C0000399C047DFF89090039BDA4579EB0303D8
:1097D000069020D32A460023A4FB0601C047049B21
:1097E000A0FB0345059B00FB035511A3D3E9002310
:1097F00029462046C047A24579EB050503460AD312
:109800000699BA68994206D30799384600911468B8
:109810000299069AA0470BB0BDE8F08F0024ABE791
:1098200000230B4F4FEA0218194657F808A094E797
:1098300000CA9A3B00000000E0020000250300007F
:109840000000000000000000000000000000000018
:109850000000000000000000FFC99A3B034670B4FE
:109860000C46DA88006819792243012405698C4086
:109870002B6812F0010F866814BF2343A3432B60AB
:10988000336870BC18470000452813D8032911D845
:10989000DFE801F0020D090B4FF48031064B03EBBA
:1098A000C000064B18470649F8E70649F6E74FF4AB
:1098B000C021F3E7704700BF8801000000000000EE
:1098C0001000010020000100452803460A4615D873
:1098D0000B4951F8300001EBC3010123097903FA68
:1098E00001F103691B68194203D022B183681B6927
:1098F00003E0002AFAD08368DB681847704700BF8E
:1099000088010000004B18470000000010B5034B11
:109910009847034C0A220023A04710BD0000000016
:10992000000000002DE9F743046A0546002C3AD1F7
:109930002A4B2846984730B9294B2846984710B1FA
:1099400010F1780F2CD10023264A52F8330002EB95
:10995000C30185422DD1486878BB002020E0013347
:1099600034F81320024492B28A42F8D94FF0240905
:10997000DFF880801C4F04EB4306A7EB0807B7FB1A
:10998000F9F7A642D4D034F9020B0028F9DD87425A
:10999000F7D3013809FB0080FFF7C4FF0028F0DA95
:1099A00003B0BDE8F083002347F6FF704FF6FD716A
:1099B000D6E70133112BC8D1CFE700210B4B01AA09
:1099C0009847002807DB019B002219791868084B8B
:1099D00098470028C1DA831CE2D1BEE700000000EE
:1099E0000000000000010000000000000000000076
:1099F000000000000000000037B50D46044650B3DB
:109A0000184B9847D8B10023174A52F8330002EB9D
:109A1000C30184421AD14868B0B10221134B01AA94
:109A20009847002810DB019B1A79AA4216D91868BA
:109A3000002201210E4B00EBC500984704E00D4BBE
:109A4000204698470028DEDA03B030BD0133112BE1
:109A5000DBD10020F8E76FF01500F5E76FF021008B
:109A6000F2E700BF0000000000010000000000005D
:109A7000000000000000000008B1024B18476FF022
:109A800015007047000000008368DB6903B11847C8
:109A90007047036840F213421B6A184707B5036812
:109AA0008DF8071001225B680DF10701984703B09C
:109AB0005DF804FB01207047004B184700000000D0
:109AC000004908470000000037B5044600F6540579
:109AD0004FF0FF324FF0FF3328460A4988470A4BC0
:109AE00004F5886001220DF1070198470446074BF1
:109AF000284698471CB19DF8070003B030BD4FF0D1
:109B0000FF30FAE700000000000000000000000045
:109B100037B5044600F654054FF0FF324FF0FF33DF
:109B200028460A4988470A4B04F5886001220DF14E
:109B3000070198470446074B284698471CB19DF8F3
:109B4000070003B030BD4FF0FF30FAE7000000001F
:109B5000000000000000000038B5044600F58565EF
:109B6000284608494FF0FF324FF0FF338847228CD8
:109B7000238B646A9B1A9BB22846E41A024B9847CF
:109B8000204638BD000000000000000070B505460A
:109B900000F654064FF0FF32304607494FF0FF33CE
:109BA0008847B5F84A34B5F846443046E41AA4B2BA
:109BB000024B9847204670BD0000000000000000E6
:109BC000002337B58DF8073002F00F03012B044650
:109BD000009148D0991E4B424B418DF8043002F061
:109BE000F003202B41D0302B0CBF0323012302F4C0
:109BF0007062B2F5007F8DF8053038D0B2F5407F45
:109C000037D0B2F5807F0CBF002303238DF80630D8
:109C10002069194B984720698368DB680BB1694656
:109C200098472069836823B19B6C13B1224613497E
:109C3000984704F654054FF0FF32284610494FF07C
:109C4000FF33884700232846C4F84434C4F8483416
:109C5000C4F84C340B4B9847206983689B6A03B166
:109C6000984703B030BD0223B7E70223BFE70123C3
:109C7000CCE70223CAE700BF00000000000000009C
:109C800000000000000000000069014B184700BF01
:109C90000000000038B50446084D628BE38B9A4201
:109CA00007D1064D206983681B6B0BB1984710B133
:109CB00038BDA847F1E7A847F4E700BF000000005F
:109CC0002DE9F84F0446884615460026DFF85890DF
:109CD000DFF858B004F585674FF0FF324FF0FF33DF
:109CE0003846C847AA1B08EB06010C4B04F11400C8
:109CF000984782463846D8475644BAF1000F04D1F7
:109D00002069074B9847074B9847B542E2D1206935
:109D1000034B98472846BDE8F88F00BF00000000BD
:109D20000000000000000000000000000000000033
:109D30002DE9F3470446006983685B6C43BB04F676
:109D400054060022002330462E4DA8472E4F20698E
:109D500083685B6B13BB206983689B6913BB3046C8
:109D600004F58567294EB047002200233846A847EE
:109D7000628BE38B9A4204D1206983681B6A03B12A
:109D80009847DFF88C90DFF88CA004F1140819E0F4
:109D900098470028D3D102B0BDE8F0879847002843
:109DA000D9D1DCE7082269469847021ED7DD082A88
:109DB00028BF0822694604F58860B847C7E76946A6
:109DC0004046D047206983685B6ABBB9658BE38BEB
:109DD000ED1AADB27DB1082D28BF082569462A4687
:109DE0004046C847206983685B6923B12A466946B3
:109DF0009847021EE3DA3846B047CCE79847002878
:109E0000E4D1F8E7000000000000000000000000BE
:109E100000000000000000000846014B184700BF8A
:109E20000000000010B504460122084B114600F264
:109E30001440984704F1140323600023C4E901335C
:109E4000E3604FF480632361204610BD00000000F2
:109E50002DE9F0414FF000084FF47A77134D144E7E
:109E6000144B154C05F114002B61C5E901872E60D8
:109E7000A04705F58860114DA047114B05F114006E
:109E80002B61C5E901872E60A04705F588600D4D5F
:109E9000A0470D4B05F11400C5E901872E602B6129
:109EA000A04705F58860A047BDE8F08100000000EC
:109EB000080000000000000000000000000000009A
:109EC00000000000000000000000000008B50420B1
:109ED000FFF7FEFF024B034A03490360FFF7FEFF53
:109EE00008000000000000000000000038B5054632
:109EF0000820FFF7FEFF04462946FFF7FEFF054A4C
:109F000020460549FFF7FEFF2046FFF7FEFFFFF75B
:109F1000FEFF00BF000000000000000038B505464D
:109F20000820FFF7FEFF04462946FFF7FEFF054A1B
:109F300020460549FFF7FEFF2046FFF7FEFFFFF72B
:109F4000FEFF00BF00000000000000000048704756
:109F5000DF070000034B10B504460360FFF7FEFF68
:109F6000204610BD0800000010B50446FFF7FEFFB4
:109F70002046FFF7FEFF204610BD000008B5042074
:109F8000FFF7FEFF024B034A03490360FFF7FEFFA2
:109F900008000000000000000000000000487047BA
:109FA000F1070000034B10B504460360FFF7FEFF06
:109FB000204610BD0800000010B50446FFF7FEFF64
:109FC00004212046FFF7FEFF204610BD7047000029
:109FD000034B10B504460360FFF7FEFF204610BD9B
:109FE0000800000010B50446FFF7FEFF0C212046D4
:109FF000FFF7FEFF204610BD2DE9F041DDF8188087
:10A0000006460F46154690451C460BD0B0682A46BA
:10A0100039460368CDF818801E6A2346B446BDE869
:10A02000F04160471946FFF7FEFF0028EED00620FA
:10A03000BDE8F0812DE9F14F0D46194681461746DE
:10A040009846DDE90A4BDDE90CA6FFF7FEFF90B16B
:10A05000002D3460377109DB2C44A24514BF012464
:10A060000624B471002001B0BDE8F08F0235F9D1AB
:10A070000123B371F6E7544506D159464846FFF728
:10A08000FEFF08B17771EDE7D9F808003A46294696
:10A090000368CDE90CA6CDE90A4BDC694346A4462A
:10A0A00001B0BDE8F04F60472DE9F04107460C468E
:10A0B00015461E46FFF7FEFF48B9B8682A462146F6
:10A0C00003689F693346BC46BDE8F0416047BDE880
:10A0D000F081704700207047814208B50ED040687B
:10A0E00003782A2B0CD049680B782A2B08BF013142
:10A0F000FFF7FEFFB0FA80F0400908BD0120FCE741
:10A100000020FAE740687047074B13B50446036028
:10A11000406801A90C38FFF7FEFF2046FFF7FEFF5D
:10A12000204602B010BD00BF0800000010B5044674
:10A13000FFF7FEFF2046FFF7FEFF204610BD0000A0
:10A14000034B10B504460360FFF7FEFF204610BD29
:10A150000800000010B50446FFF7FEFF2046FFF799
:10A16000FEFF204610BD000088422DE9F041044664
:10A170000D4618D0A0B1A1EB000800214046FFF722
:10A18000FEFF00F10C070646214638462A46FFF737
:10A19000FEFF41463046FFF7FEFF3846BDE8F0813E
:10A1A0000248FFF7FEFF024FF7E700BF000800007C
:10A1B0000C00000070B5054616460C4649B108462D
:10A1C000FFF7FEFF211832462046FFF7FEFF28600A
:10A1D00070BD4FF0FF31F6E7084B13B5044601AAF6
:10A1E00040F8043BFFF7FEFF04E02046FFF7FEFFC8
:10A1F000FFF7FEFF204602B010BD00BF08000000C0
:10A2000010B50446FFF7FEFF014B2046236010BD4A
:10A210000800000013B504460846114601AA01448F
:10A22000FFF7FEFF2060204602B010BD012A30B4C7
:10A2300003D10B78037030BC7047002AFBD030BCD0
:10A24000FFF7FEBF521A08B5FFF7FEFF08BD00007A
:10A25000044B984204D000230160836008440373D8
:10A26000704700BF00000000154B984210B504462F
:10A2700002D91448FFF7FEFF884203D94B009842E9
:10A2800038BF1C4604F11D0304F10D00B3F5805FD7
:10A2900012D98C4210D9C3F30B0304F58054E41A8D
:10A2A000074B9C4228BF1C4604F10D00FFF7FEFF40
:10A2B00000224460826010BD0028F7DAFFF7FEFF3D
:10A2C000FCFFFF3F2A080000FFF7FEBF054A90424F
:10A2D00010B506D08268541E002A846001DCFFF7A6
:10A2E000FEFF10BD000000000AB1FFF7FEBF70477F
:10A2F000081E08B501DAFFF7FEFFBDE80840FFF7CA
:10A30000FEBF50F8083B1B1A5842584170470000E6
:10A310000B68B3F1804F10B502D30B48FFF7FEFF77
:10A3200093420CD9B3EB420F4FEA420407D2B4F187
:10A33000804F2DBF6FF0404323460C600B60591CCB
:10A34000FFF7FEFF10BD00BF7608000010B5044601
:10A35000FFF7FEFF20B92068BDE81040FFF7FEBF01
:10A3600010BD012A10B404D10A785DF8044B0270C4
:10A3700070475DF8044BFFF7FEBF10B50446FFF7CA
:10A38000FEFF08B9A06810BD0F20FCE737B50446F2
:10A390000191FFF7FEFF019B024683420FD901A9FD
:10A3A0002046FFF7FEFF6268216805460132FFF78D
:10A3B000FEFF2046FFF7FEFF019B2560A36003B070
:10A3C00030BD000000487047C9070000136899427B
:10A3D00004D153681B1A58425841704700207047F7
:10A3E0007047000000487047C2070000742A10B58B
:10A3F0001ADC572A0CDC4D2A07DC3B2A0CDC242A09
:10A400000EDC0F2A18DC0E2A16D9C0E9002116E04E
:10A41000A2F158040A4B0CE0A2F13C04094B08E0FD
:10A42000A2F12D03012BEFE7A2F17604182CECD852
:10A43000054BE340DB07E8D5044B0260436010BDE9
:10A440009D00BF1F8F080200BF07F101E802000056
:10A450007047C0E9002170474B68834204D1086807
:10A46000831A584258417047002070477047704720
:10A4700010B50446FFF7FEFF204610BD10B5044698
:10A48000FFF7FEFF204610BD0B6810B586B00446EE
:10A490001B69684698472046DDE90012FFF7FEFF7A
:10A4A00004E06846FFF7FEFFFFF7FEFF6846FFF790
:10A4B000FEFF204606B010BD13B514460A460146FD
:10A4C0006846FFF7FEFF6368019A9A4206D100983A
:10A4D0002368C31A5842584102B010BD0020FBE760
:10A4E0002DE9F04300F108030026044690463C277E
:10A4F00085B003604660067239462046FFF7FEFFCE
:10A5000025683A46404629462E70FFF7FEFF18B9E7
:10A510002846FFF7FEFF03E022280BD17F00002032
:10A52000236860601E546368002BE5D0204605B0A8
:10A53000BDE8F0832B78002BEAD1184BEC466A4635
:10A5400003F108091868083353F8041CE6464B4524
:10A55000AEE80300F446F5D118680DF1080C9B88AD
:10A56000CEF80000AEF8043013461A46083503CA88
:10A57000624545F8080C45F8041C1346F5D11068EF
:10A5800028600D2013792B71CAE7236866601E705E
:10A590002046FFF7FEFFFFF7FEFFF9E7D1070000B7
:10A5A000064A0749074808B5FFF7FEFF034A064970
:10A5B0000648BDE80840FFF7FEBF00BF00000000EE
:10A5C00000000000E802000000000000E4020000BB
:10A5D0000B4601461846FFF7FEBF7FB50024102347
:10A5E00015461268CDE902340368CDE900449E693E
:10A5F0006B46B0479DF8043003F00603062B05BFF9
:10A60000009B012020462B6004B070BD0098904252
:10A610000CBF062001207047034B10B504460360B1
:10A62000FFF7FEFF204610BD0800000010B50446ED
:10A63000FFF7FEFF08212046FFF7FEFF204610BD72
:10A640002DE9F041DDF818801F4606461546DDE984
:10A650000834984507D10799FFF7FEFF18B16571D7
:10A660000020BDE8F08139463046FFF7FEFF0028A4
:10A67000F6D00123C4F800802571A371F0E738B546
:10A6800015461C46FFF7FEFF20B108232560E36056
:10A690000623237138BD2DE9F04105460C461646C8
:10A6A0001F46FFF7FEFF48B9032F07D8236832463D
:10A6B000294620465B69BDE8F0411847BDE8F081B6
:10000000000000000200000080841E0000000000CC
:10001000000000000300000080841E0000000000BB
:10002000000000000400000080841E0000000000AA
:10003000000000000400000080841E00000000009A
:10004000000000000400000080841E000001000089
:10005000000000000100000080841E00000000007D
:10006000000000000300000080841E00000000006B
:10007000000000000400000080841E00000000005A
:10008000000000000300000080841E00000100004A
:10009000000000000200000080841E00000100003B
:1000A000000000000100000080841E00000100002C
:1000B000000000000400000080841E00000000001A
:1000C000000000000300000080841E00000000000B
:1000D000000000000100000080841E0001000000FC
:1000E000000000000200000080841E0001000000EB
:1000F000000000000300000080841E0001000000DA
:1001000000000000E004000000000000D80400002F
:1001100000000000E804000000000000F0040000FF
:1001200000000000F804000000000000B804000017
:1001300000000000C004000000000000C80400002F
:100140000000000020050000000000000005000085
:10015000000000000805000000000000100500007D
:100160000000000018050000000000002805000045
:1001700000000000B004000000000000D0040000F7
:100180000000000000000000000000000700000068
:100190000000000006000000000000000300000056
:1001A0000000000000000000000000000C00000043
:1001B000000000000B000000000000000100000033
:1001C0000000000002000000000000000400000029
:1001D000000000000800000000000000090000000E
:1001E000000000000F000000000000000E000000F2
:1001F000000000000D0000000000000004000000EE
:1002000000000000050000000000000006000000E3
:1002100000000000070000000000000001000000D6
:100220000000000000000000000000000B000000C3
:10023000000000000A0000000000000002000000B2
:1002400000000000030000000000000001000000AA
:100250000000000006000000000000000200000096
:100260000000000007000000000000000200000085
:100270000000000008000000000000000300000073
:100280000000000009000000000000000500000060
:100290000000000004000000000000000600000054
:1002A0000000000004000000000000000700000043
:1002B0000000000006000000000000000800000030
:1002C0000000000007000000000000000E00000019
:1002D0000000000009000000000000000F00000006
:1002E0000000000005000000000000000300000006
:1002F00000000000080000000000000000000000F6
:1003000000000000080000000000000001000000E4
:10031000000000000A000000000000000A000000C9
:10032000000000000B000000000000000C000000B6
:10033000000000000D000000000000000E000000A2
:10034000000000000F00000000000000000000009E
:10035000000000000100000000000000020000009A
:100360000000000003000000000000000400000086
:100370000000000005000000000000000600000072
:10038000000000000700000000000000080000005E
:100390000000000009000000000000000A0000004A
:1003A000000000000D00000000000000020000003E
:1003B0000000000003000000C8050000000000006D
:1003C00088060000000100009806000006020000F8
:1003D000C805000002000000D8050000020000006F
:1003E000E80500000200000088060000020100008D
:1003F000F8050000020000000806000002000000EE
:10040000180600000200000028060000040000009A
:100410004806000004000000680600000400000018
:10042000C806000000000000C8060000000100002F
:10043000C806000003020000C8060000000000001B
:10044000C806000000010000E006000003020000F2
:10045000C806000000000000C806000000010000FF
:10046000F806000002020000C806000000000000BC
:10047000C806000000010000080700000302000099
:10048000C806000000000000C806000000010000CF
:100490002007000004020000C80600000000000061
:1004A000C806000000010000400700000102000033
:1004B000B803000003000000D003000001000000AA
:1004C000D803000001000000E0030000020000006B
:1004D000F003000001000000F8030000010000002C
:1004E00000040000010000000804000001000000FA
:1004F00010040000010000001804000001000000CA
:100500002004000003000000380400000300000085
:100510005004000003000000680400000300000015
:1005200080040000030000009804000003000000A5
:1005300008000000000000000000000008000000AB
:10054000000000000000000008000000D5080000C6
:100550000000000008000000FE080000000000008D
:10056000080000000000000008000000000000007B
:100570000000000008000000000000000000000073
:10058000080000000000000000000000080000005B
:100590000000000000000000080000000000000053
:1005A0000800000000000000000000000000000043
:1005B000000000000000000000000000000000003B
:1005C000000000000000000000000000000000002B
:1005D000000000000000000000000000000000001B
:1005E000000000000000000000000000000000000B
:1005F00000000000000000000000000000000000FB
:1006000000000000000000000000000000000000EA
:1006100000000000000000000000000000000000DA
:1006200000000000000000000000000000000000CA
:1006300000000000000000000000000000000000BA
:1006400000000000000000000000000000000000AA
:10065000000000000000000000000000480500004D
:10066000000000000000000000000000000000008A
:10067000000000000000000000000000000000007A
:100680000000000054050000000000000000000011
:10069000000000000000000000000000000000005A
:1006A000000000000000000000000000000000004A
:1006B000000000000000000000000000000000003A
:1006C000000000000000000000000000000000002A
:1006D000000000000000000000000000000000001A
:1006E000000000000000000000000000000000000A
:1006F00000000000000000000000000000000000FA
:1007000000000000000000000000000000000000E9
:1007100000000000000000000000000000000000D9
:1007200000000000000000000000000000000000C9
:1007300000000000000000000000000000000000B9
:1007400000000000000000000000000000000000A9
:100750000000000000000000000000000000000099
:100760000000000000000000000000000000000089
:100770000000000000000000000000000000000079
:100780004E6F2055706461746500564353454C208C
:10079000436F6E74696E7569747920546573742043
:1007A0004661696C75726500564353454C2057612C
:1007B000746368646F672054657374204661696C64
:1007C000757265004E6F205648562056616C7565EF
:1007D00020666F756E64004D535243204E6F205457
:1007E0006172676574204572726F7200534E5220B9
:1007F000436865636B20457869740052616E676574
:1008000020506861736520436865636B2045727290
:100810006F72005369676D61205468726573686F09
:100820006C6420436865636B204572726F7200547C
:100830004343204572726F720050686173652043B4
:100840006F6E73697374656E6379204572726F722F
:10085000004D696E20436C6970204572726F7200A2
:1008600052616E676520436F6D706C6574650052F0
:10087000616E676520416C676F20556E64657266B6
:100880006C6F77204572726F720052616E676520DF
:10089000416C676F204F766572666C6F772045728A
:1008A000726F720052616E67652049676E6F726584
:1008B000205468726573686F6C64204572726F7241
:1008C00000556E6B6E6F776E204572726F722043AB
:1008D0006F646500564C35334C305820545330000B
:1008E000564C35334C30582054533100564C353328
:1008F0004C30582054533200564C35334C3058202D
:10090000455331206F72206C6174657200564C350E
:10091000334C30580052616E67652056616C6964D3
:10092000005369676D61204661696C005369676EA9
:10093000616C204661696C004D696E2052616E6782
:1009400065204661696C0050686173652046616985
:100950006C004861726477617265204661696C0061
:1009600000556E6578706563746564207265737098
:100970006F6E7365207479706500556E657870656B
:10098000637465642052504320726573706F6E7398
:10099000652073697A6500526573756C74206E6F9B
:1009A00074207061727361626C652028636865638E
:1009B0006B20747970652900525043204572726F24
:1009C00072206E6F74207061727361626C65202892
:1009D000636865636B20747970652900556E65786E
:1009E00070656374656420726573706F6E736520E3
:1009F0007479706500556E65787065637465642000
:100A000052504320726573706F6E73652073697AFC
:100A10006500526573756C74206E6F74207061721E
:100A20007361626C652028636865636B20747970FC
:100A3000652900525043204572726F72206E6F74A8
:100A4000207061727361626C652028636865636BF6
:100A5000207479706529005F5F736166655F5F0070
:100A60004D4355207374617274696E672052504310
:100A70002042726964676520636F6D6D756E69638E
:100A80006174696F6E0062726964676500242F7219
:100A90006573657400242F7365744D61784D7367B9
:100AA00053697A6500020305060708090A0B0C0D55
:100AB00014153233346D6F6E2F72656164006D6F83
:100AC0006E2F7772697465006D6F6E2F636F6E6E37
:100AD000656374656400546869732063616C6C209D
:100AE0006973206E6F74207965742065786563750D
:100AF00074656400546869732063616C6C20697369
:100B0000206E6F206C6F6E67657220617661696C14
:100B100061626C65002020564C35334C30585F5371
:100B2000454E53455F4C4F4E475F52414E4745003F
:100B300052616E6765205374617475733A200020AA
:100B40003A200073564C35334C30583A2050657279
:100B5000666F726D53696E676C6552616E67696E20
:100B6000674D6561737572656D656E740052414EB7
:100B700047452049474E4F52452054485245534817
:100B80004F4C443A20004D65617375726564206472
:100B9000697374616E63653A2000564C35334C308E
:100BA0005820496E666F3A00446576696365204E49
:100BB000616D653A20002C20547970653A20002C34
:100BC0002049443A2000526576204D616A6F723A9E
:100BD00020002C204D696E6F723A20004572726FB2
:100BE0007220657870656374656420637574203164
:100BF0002E312062757420666F756E642000564C2D
:100C000035334C30583A20537461746963496E69C6
:100C10007400564C35334C30583A20506572666F2C
:100C2000726D526566537061644D616E6167656D8A
:100C3000656E740072656653706164436F756E749F
:100C4000203D20002C2069734170657274757265B7
:100C50005370616473203D2000564C35334C30583E
:100C60003A20506572666F726D52656643616C69B9
:100C700062726174696F6E00564C35334C30583A6D
:100C8000205365744465766963654D6F64650056ED
:100C90004C35334C3058204572726F723A200055F3
:100CA0006E73657269616C697A61626C65207061EE
:100CB00072616D6574657273206172726179004D45
:100CC000697373696E672063616C6C207061726117
:100CD0006D657465727320285741524E494E473AEC
:100CE0002044656661756C7420706172616D20725C
:100CF00065736F6C7574696F6E206973206E6F74A5
:100D000020696D706C656D656E7465642900546F43
:100D10006F206D616E7920706172616D65746572AE
:100D2000730057726F6E67207479706520706172FE
:100D3000616D6574657220696E20706F7369746986
:100D40006F6E3A20000000004403000040020000E3
:100D500064030000400200000404000040020000A0
:100D6000240400004002000084070000400200004C
:100D7000A40700004002000069010000000000001C
:100D8000890100000000000047030000000200008D
:100D90006703000000020000C7020000000200001C
:100DA000E702000000020000E80C00000002000062
:100DB000080D000000020000C80C00000000000048
:100DC000A80C000000020000A50300008005000040
:100DD000C503000080050000E50300008005000059
:100DE0002503000080030000260D000080050000A0
:100DF000460D000080050000A602000080050000EE
:100E0000860D000080030000C40B000040020000BB
:100E1000E40B000040020000900000000000000011
:100E2000B000000000000000D00000000000000042
:100E3000F00000000000000030040000000000008E
:100E4000100400000000000061020000000000002B
:100E500041030000000000006103000000000000EA
:100E6000020200000000000022020000000000005A
:100E700082020000000000000203000000000000E9
:100E80002203000000000000420F000000000000EC
:100E9000620F000000000000820F00000000000050
:100EA0006101000000000000E103000000000000FC
:100EB000A103000000000000C103000000000000CA
:100EC0004302000000000000546869732063616CF5
:100ED0006C206973206E6F206C6F6E676572206185
:100EE0007661696C61626C65005468697320636146
:100EF0006C6C206973206E6F74207965742065783E
:100F0000656375746564006E616E00696E66006F7E
:100F10007666002E000D0A00766563746F723A3AA9
:100F20007265736572766500766563746F723A3ABE
:100F30005F4D5F72616E67655F696E7365727400A5
:100F4000000073797374656D0067656E657269631F
:100F500000556E6B6E6F776E206572726F720062F5
:100F600061645F66756E6374696F6E5F63616C6CFC
:100F7000007374643A3A6261645F616C6C6F630021
:100F800062617369635F737472696E673A3A5F5343
:100F90005F636F6E737472756374206E756C6C2012
:100FA0006E6F742076616C69640062617369635F5F
:100FB000737472696E673A3A5F535F637265617406
:100FC0006500766563746F723A3A5F4D5F72656172
:100FD0006C6C6F635F617070656E640076656374DE
:100FE0006F723A3A5F4D5F7265616C6C6F635F61FF
:100FF0007070656E640062617369635F73747269B7
:101000006E673A3A5F4D5F637265617465004E3199
:10101000305F5F637878616269763131375F5F6333
:101020006C6173735F747970655F696E666F45009C
:101030004E31305F5F637878616269763132305F5C
:101040005F73695F636C6173735F747970655F6907
:101050006E666F45002A4E31325F474C4F42414C1D
:101060005F5F4E5F31323173797374656D5F6572A6
:10107000726F725F63617465676F727945002A4EA3
:1010800031325F474C4F42414C5F5F4E5F313232ED
:1010900067656E657269635F6572726F725F6361C7
:1010A0007465676F727945004E5374335F56323101
:1010B000346572726F725F63617465676F727945D0
:1010C00000537431316C6F6769635F6572726F7260
:1010D00000537431326C656E6774685F6572726F4D
:1010E0007200537431376261645F66756E63746950
:1010F0006F6E5F63616C6C005374396261645F6131
:101100006C6C6F6300537439657863657074696FD4
:101110006E00537439747970655F696E666F006430
:10112000697374616E6365006D6F6E2F636F6E6EB1
:10113000656374656400242F76657273696F6E0051
:101140007365745F766973696F6E5F626C6F636BF2
:1011500000242F726567697374657200564C3533CD
:101160004C3058206E6F7420666F756E64202D2091
:10117000636865636B20776972696E6700512D52F1
:101180004F564552207265616479005379737465D6
:101190006D204865617020656E643A2025700A00F4
:1011A00053797374656D2048656170207374617242
:1011B000743A2025700A00536B6574636820486593
:1011C00061702073746172743A2025702C207369E9
:0C11D0007A652025700A006D61696E00D0
:10A6C000000000000000000000000000000000008A
:10A6D000000000000000000000000000000000007A
:10A6E00001FF0101000001FF00010900011000014C
:10A6F00011000124010125FF01750001FF01014E38
:10A700002C01480001302001FF00013009015400F4
:10A71000013104013203014083014625016000013B
:10A7200027000150060151000152960156080157B9
:10A73000300161000162000164000165000166A052
:10A7400001FF010122320147140149FF014A0001C2
:10A75000FF00017A0A017B0001782101FF0101233A
:10A76000340142000144FF014526014605014040F5
:10A77000010E0601201A01434001FF0001340301CC
:10A78000354401FF01013104014B09014C05014D24
:10A790000401FF0001440001452001470801482849
:10A7A0000167000170040171010172FE0176000170
:10A7B000770001FF01010D0101FF0001800101018E
:10A7C000F801FF01018E0101000101FF000180007D
:10A7D00000000001FF0001800101FF0101000001F4
:10A7E000FF01014F0201FF0E01000301018401027C
:10A7F0000A0103030104080105C801060301078DCE
:10A800000108080109C6010A01010B02010C00013F
:10A810000DD5010E18010F12011001011182011254
:10A82000000113D501141801151301160301178631
:10A8300001180A011909011A08011BC2011C0301B0
:10A840001D8F011E0A011F060120010121020122A4
:10A85000000123D5012418012522012601012782A8
:10A860000128000129D5012A18012B0B012C2801F0
:10A870002D78012E28012F9101300001310B01327A
:10A880000001330B0134000135A10136000137A06E
:10A89000013800013904013A28013B30013C0C0128
:10A8A0003D04013E0F013F7901402801411E014254
:10A8B0002F01438701440001450B01460001470B6E
:10A8C0000148000149A7014A00014BA6014C0001C3
:10A8D0004D04014E01014F00015000015180015211
:10A8E0000901530801540101550001560F01577920
:10A8F000015809015905015A00015B60015C05011D
:10A900005DD1015E0C015F3C0160000161D001621C
:10A910000B01630301642801651001662A01673990
:10A9200001680B016902016A28016B10016C2A01A0
:10A930006D61016E0C016F0001700F017179017280
:10A940000001730B01740001750B0176000177A102
:10A950000178000179A0017A00017B0401FF040164
:10A96000791D017B2701960E0197FE01980301993D
:10A97000EF019A02019B4401730701700101FF017D
:10A9800001000101FF000000000000000A000000BB
:10A9900005000000000000000500000000000000AD
:0CA9A000080000006006000088060000AF
:08D01C00570A000000000000AB
:10D0240000000000000000000000000000000000FC
:10D0340000000000000000000000000000000000EC
:10D0440000000000000000000000000000000000DC
:04D0540000000000D8
:10D0580000000000000000000000000000000000C8
:10D0680000000000000000000000000000000000B8
:0CD07800000000000000000000000000AC
:040000030000964122
:00000001FF
